,CMA Number,Chinese Name,English Name,Landing Location,Landing Time,Peak Strength,Landing Strength,coordinate,lat,lon
0,4505,——,——,广东省江门市台山市赤溪镇,1945年7月7日,10级，25m/s，985hPa,8级，20m/s，994hPa,"(21.975801, 112.899795)",21.975801,112.899795
1,4510,——,——,广东省湛江市吴川市振文镇,1945年8月10日,13级，41m/s，960hPa,8级，20m/s，994hPa,"(21.422245, 110.709912)",21.422245,110.709912
2,4515,——,——,广东省惠州市惠阳区澳头镇,1945年8月25日,12级，35m/s，970hPa,12级，35m/s，970hPa,"(22.729788, 114.533781)",22.729788,114.533781
3,4516,——,——,台湾省花莲县新城乡,1945年9月2日,16级，53m/s，940hPa,14级，42m/s，955hPa,"(24.0548042, 121.6111949)",24.0548042,121.6111949
4,4516,——,——,福建省福州市马尾区琅岐镇,1945年9月3日,16级，53m/s，940hPa,10级，25m/s，985hPa,"(26.08539, 119.583599)",26.08539,119.583599
5,4517,——,——,台湾省台东县东河乡,1945年9月10日,14级，46m/s，948hPa,12级，35m/s，970hPa,"(23.0691722, 121.2855249)",23.0691722,121.2855249
6,4517,——,——,福建省福州市福清市东瀚镇,1945年9月11日,14级，46m/s，948hPa,10级，28m/s，982hPa,"(25.43389, 119.607001)",25.43389,119.607001
7,4519,——,——,海南省万宁市和乐镇,1945年9月21日,10级，25m/s，985hPa,10级，25m/s，985hPa,"(18.903521, 110.477641)",18.903521,110.477641
8,4603,——,——,浙江省台州市温岭市石塘镇,1946年6月23日,16级，56m/s，935hPa,12级，35m/s，970hPa,"(28.278539, 121.606196)",28.278539,121.606196
9,4606,——,Lngrid,香港特别行政区,1946年7月18日,17级，61m/s，920hPa,14级，43m/s，958hPa,"(36.778261, -119.4179324)",36.778261,-119.4179324
10,4606,——,Lngrid,广东省珠海市香洲区南屏镇,1946年7月18日,17级，61m/s，920hPa,14级，43m/s，958hPa,"(22.219098, 113.509772)",22.219098,113.509772
11,4610,——,——,广东省江门市台山市汶村镇,1946年9月12日,14级，46m/s，953hPa,14级，46m/s，953hPa,"(21.857424, 112.492654)",21.857424,112.492654
12,4612,——,——,台湾省屏东县满州乡,1946年9月25日,17级，61m/s，920hPa,14级，43m/s，958hPa,"(22.04385, 120.8384093)",22.04385,120.8384093
13,4705,——,——,海南省陵水黎族自治县黎安镇,1947年7月18日,7级，17m/s，997hPa,7级，15m/s，998hPa,"(18.437315, 110.069641)",18.437315,110.069641
14,4708,——,Opal,广东省阳江市阳西县沙扒镇,1947年8月13日,12级，35m/s，970hPa,10级，28m/s，985hPa,"(21.519181, 111.463919)",21.519181,111.463919
15,4709,——,——,福建省宁德市霞浦县下浒镇,1947年8月29日,16级，51m/s，945hPa,12级，35m/s，970hPa,"(26.611258, 119.95511)",26.611258,119.95511
16,4713,——,——,广东省湛江市坡头区南三镇,1947年9月25日,13级，38m/s，965hPa,7级，15m/s，998hPa,"(21.150907, 110.552974)",21.150907,110.552974
17,4714,——,——,台湾省台东县大武乡,1947年10月1日,14级，46m/s，948hPa,13级，38m/s，965hPa,"(22.4141954, 120.907304)",22.4141954,120.907304
18,4714,——,——,福建省漳州市漳浦县赤湖镇,1947年10月2日,14级，46m/s，948hPa,6级，12m/s，1002hPa,"(24.112267, 117.87614)",24.112267,117.87614
19,4716,——,——,广东省汕尾市陆丰市东海镇,1947年10月7日,16级，51m/s，945hPa,11级，30m/s，980hPa,"(22.941303, 115.640373)",22.941303,115.640373
20,4805,——,——,广东省阳江市阳东区新洲镇,1948年6月10日,8级，20m/s，994hPa,7级，17m/s，996hPa,"(21.859793, 112.288595)",21.859793,112.288595
21,4806,——,——,台湾省台北县贡寮乡,1948年7月5日,14级，46m/s，948hPa,14级，43m/s，958hPa,"(25.0168762, 121.9459786)",25.0168762,121.9459786
22,4806,——,——,浙江省台州市玉环县干江镇,1948年7月6日,14级，46m/s，948hPa,14级，43m/s，953hPa,"(28.165293, 121.35142)",28.165293,121.35142
23,4806,——,——,上海市浦东新区南汇新城镇,1948年7月6日,14级，46m/s，948hPa,13级，40m/s，965hPa,"(30.898021, 121.919667)",30.898021,121.919667
24,4807,——,——,广东省惠州市惠阳区澳头镇,1948年7月27日,12级，35m/s，970hPa,8级，20m/s，992hPa,"(22.729788, 114.533781)",22.729788,114.533781
25,4811,——,——,海南省琼海市博鳌镇,1948年8月21日,10级，25m/s，985hPa,10级，25m/s，985hPa,"(19.159714, 110.586606)",19.159714,110.586606
26,4812,——,——,广东省江门市台山市川岛镇,1948年9月3日,14级，43m/s，958hPa,10级，28m/s，982hPa,"(21.848204, 112.692376)",21.848204,112.692376
27,4813,——,——,台湾省台北县贡寮乡,1948年9月6日,13级，41m/s，960hPa,12级，35m/s，970hPa,"(25.0168762, 121.9459786)",25.0168762,121.9459786
28,4815,——,——,台湾省宜兰县苏澳镇,1948年9月17日,13级，41m/s，960hPa,12级，33m/s，975hPa,"(24.594229, 121.8533264)",24.594229,121.8533264
29,4815,——,——,福建省福州市长乐市文武砂镇,1948年9月17日,13级，41m/s，960hPa,10级，28m/s，982hPa,"(25.894539, 119.58136)",25.894539,119.58136
30,4816,——,——,广东省湛江市麻章区东简镇,1948年9月26日,11级，30m/s，980hPa,10级，25m/s，985hPa,"(21.014285, 110.497438)",21.014285,110.497438
31,4816,——,——,海南省澄迈县老城镇,1948年9月27日,11级，30m/s，980hPa,8级，20m/s，992hPa,"(19.953144, 110.126498)",19.953144,110.126498
32,4822,——,——,海南省文昌市锦山镇,1948年11月11日,16级，51m/s，945hPa,6级，12m/s，1000hPa,"(19.99583, 110.69748)",19.99583,110.69748
33,4904,——,Elaine,香港特别行政区,1949年7月10日,11级，30m/s，984hPa,7级，15m/s，998hPa,"(36.778261, -119.4179324)",36.778261,-119.4179324
34,4904,——,Elaine,广东省广州市南沙区新垦镇,1949年7月10日,11级，30m/s，984hPa,6级，13m/s，1000hPa,"(22.640628, 113.611205)",22.640628,113.611205
35,4906,——,Gloria,浙江省舟山市普陀区朱家尖,1949年7月24日,15级，50m/s，960hPa,13级，40m/s，966hPa,"(29.916818, 122.392944)",29.916818,122.392944
36,4906,——,Gloria,浙江嘉兴平湖—上海金山,1949年7月25日,15级，50m/s，960hPa,12级，35m/s，973hPa,"(30.741991, 121.341969)",30.741991,121.341969
37,4906,——,Gloria,山东省威海市乳山市海阳所镇,1949年7月26日,15级，50m/s，960hPa,11级，30m/s，990hPa,"(36.813372, 121.620148)",36.813372,121.620148
38,4908,——,Irma,台湾省屏东县林边乡,1949年7月28日,11级，30m/s，980hPa,10级，25m/s，982hPa,"(22.4347039, 120.5147274)",22.4347039,120.5147274
39,4919,——,——,广东省珠海市金湾区三灶镇,1949年9月8日,11级，30m/s，990hPa,11级，30m/s，990hPa,"(22.047674, 113.351951)",22.047674,113.351951
40,4920,——,Nelly,台湾省台东县长滨乡,1949年9月14日,13级，40m/s，980hPa,12级，35m/s，984hPa,"(23.3451824, 121.43419)",23.3451824,121.43419
41,4920,——,Nelly,广东省汕头市潮阳区海门镇,1949年9月15日,13级，40m/s，980hPa,7级，15m/s，1000hPa,"(23.194689, 116.628391)",23.194689,116.628391
42,4925,——,Omilia,广东省汕头市龙湖区新溪镇,1949年10月4日,12级，35m/s，980hPa,8级，20m/s，990hPa,"(23.395664, 116.773979)",23.395664,116.773979
43,5003,——,——,台湾省云林县四湖乡,1950年6月8日,10级，25m/s，992hPa,8级，20m/s，992hPa,"(23.6376871, 120.2227848)",23.6376871,120.2227848
44,5007,——,Grace,辽宁省丹东市东港市前阳镇,1950年7月22日,12级，35m/s，975hPa,7级，15m/s，995hPa,"(39.969818, 124.201852)",39.969818,124.201852
45,5010,——,——,江苏省南通市启动市寅阳镇,1950年8月1日,11级，30m/s，983hPa,7级，15m/s，998hPa,"(31.735606, 121.804827)",31.735606,121.804827
46,5030,——,Ossia,广东省湛江市麻章区东简镇,1950年10月6日,12级，35m/s，975hPa,8级，20m/s，995hPa,"(21.014285, 110.497438)",21.014285,110.497438
47,5040,——,Delilah,海南省万宁市东澳镇,1950年11月24日,11级，30m/s，985hPa,8级，20m/s，1002hPa,"(18.714928, 110.401814)",18.714928,110.401814
48,5112,——,Louise,广东省湛江市吴川市王村港镇,1951年8月2日,17+级，80m/s，904hPa,12级，35m/s，975hPa,"(21.43287, 110.94614)",21.43287,110.94614
49,5118,——,Nora,海南省文昌市东郊镇,1951年9月3日,13级，40m/s，970hPa,13级，40m/s，975hPa,"(19.573201, 110.851831)",19.573201,110.851831
50,5121,——,Ora,广东省湛江市雷州市东里镇,1951年9月22日,14级，45m/s，970hPa,5级，10m/s，1000hPa,"(20.787623, 110.351623)",20.787623,110.351623
51,5122,——,Pat,浙江省台州市玉环县坎门镇,1951年9月28日,12级，35m/s，985hPa,8级，20m/s，1000hPa,"(28.093759, 121.280991)",28.093759,121.280991
52,5122,——,Pat,浙江嘉兴平湖—上海金山,1951年9月28日,12级，35m/s，985hPa,7级，15m/s，1005hPa,"(30.741991, 121.341969)",30.741991,121.341969
53,5201,——,Charlotte,广东省茂名市电白区博贺镇,1952年6月13日,13级，40m/s，960hPa,10级，25m/s，985hPa,"(21.487748, 111.232299)",21.487748,111.232299
54,5204,——,Emma,广东省湛江市吴川市王村港镇,1952年7月6日,14级，45m/s，973hPa,10级，25m/s，985hPa,"(21.43287, 110.94614)",21.43287,110.94614
55,5207,——,Gilda,浙江省台州市温岭市石塘镇,1952年7月19日,11级，30m/s，985hPa,7级，15m/s，985hPa,"(28.278539, 121.606196)",28.278539,121.606196
56,5208,——,Harriet,广东省汕尾市陆丰市碣石镇,1952年7月30日,13级，40m/s，980hPa,10级，25m/s，988hPa,"(22.816884, 115.830376)",22.816884,115.830376
57,5215,——,Lois,海南省万宁市山根镇,1952年8月28日,13级，40m/s，980hPa,13级，38m/s，980hPa,"(18.967334, 110.486591)",18.967334,110.486591
58,5216,——,Mary,福建省福州市福清市东瀚镇,1952年9月1日,12级，35m/s，985hPa,9级，23m/s，992hPa,"(25.43389, 119.607001)",25.43389,119.607001
59,5217,——,Nona,海南省文昌市翁田镇,1952年9月6日,13级，40m/s，980hPa,12级，35m/s，985hPa,"(19.931473, 110.880179)",19.931473,110.880179
60,5218,——,——,福建省漳州市东山县陈城镇,1952年9月12日,11级，30m/s，990hPa,11级，30m/s，990hPa,"(23.595655, 117.38702)",23.595655,117.38702
61,5218,——,——,台湾省台东县东河乡,1952年9月11日,11级，30m/s，990hPa,10级，25m/s，995hPa,"(23.0691722, 121.2855249)",23.0691722,121.2855249
62,5221,——,——,海南省万宁市南桥镇,1952年9月18日,8级，20m/s，998hPa,8级，20m/s，998hPa,"(18.680116, 110.152697)",18.680116,110.152697
63,5229,——,Bess,台湾省高雄市林园乡,1952年11月13日,17+级，75m/s，915hPa,14级，45m/s，965hPa,"(22.4986756, 120.4011911)",22.4986756,120.4011911
64,5231,——,Della,台湾省云林县水林乡,1952年11月27日,14级，45m/s，980hPa,7级，15m/s，1002hPa,"(23.571929, 120.2487829)",23.571929,120.2487829
65,5305,——,Kit,福建省福州市福清市江阴镇,1953年7月4日,17+级，80m/s，910hPa,12级，35m/s，982hPa,"(25.455613, 119.320389)",25.455613,119.320389
66,5305,——,Kit,台湾省花莲县新城乡,1953年7月4日,17+级，80m/s，910hPa,16级，52m/s，958hPa,"(24.0548042, 121.6111949)",24.0548042,121.6111949
67,5310,——,Nina,浙江省温州市乐清市蒲歧镇,1953年8月17日,17+级，90m/s，895hPa,15级，50m/s，955hPa,"(28.169443, 121.05016)",28.169443,121.05016
68,5312,——,——,海南省文昌市龙楼镇,1953年8月10日,6级，12m/s，988hPa,6级，12m/s，993hPa,"(19.653286, 110.968604)",19.653286,110.968604
69,5313,——,Ophelia,海南省文昌市昌洒镇,1953年8月14日,15级，50m/s，960hPa,13级，40m/s，962hPa,"(19.76179, 110.900498)",19.76179,110.900498
70,5314,——,Phyllis,福建省莆田市涵江区白塘镇,1953年8月21日,14级，45m/s，975hPa,10级，25m/s，990hPa,"(25.442584, 119.094991)",25.442584,119.094991
71,5314,——,Phyllis,台湾省花莲县丰滨乡,1953年8月20日,14级，45m/s，975hPa,13级，38m/s，980hPa,"(23.5851901, 121.5027404)",23.5851901,121.5027404
72,5315,——,Rita,广东省汕尾市海丰县小漠镇,1953年9月2日,17+级，65m/s，942hPa,12级，35m/s，970hPa,"(22.774983, 115.0384)",22.774983,115.0384
73,5317,——,Susan,广东省珠海市金湾区三灶镇,1953年9月19日,15级，50m/s，970hPa,12级，35m/s，985hPa,"(22.047674, 113.351951)",22.047674,113.351951
74,5320,——,——,海南省文昌市翁田镇,1953年9月27日,8级，20m/s，995hPa,7级，15m/s，997hPa,"(19.931473, 110.880179)",19.931473,110.880179
75,5326,——,Betty,海南省文昌市东郊镇,1953年11月1日,16级，55m/s，967hPa,13级，38m/s，970hPa,"(19.573201, 110.851831)",19.573201,110.851831
76,5402,——,Elsie,海南省陵水黎族自治县英州镇,1954年5月11日,15级，50m/s，945hPa,12级，35m/s，960hPa,"(18.427366, 109.858895)",18.427366,109.858895
77,5402,——,Elsie,广西省北海市银海区福成镇,1954年5月12日,15级，50m/s，945hPa,8级，20m/s，990hPa,"(21.567773, 109.335499)",21.567773,109.335499
78,5411,——,——,上海市浦东新区东海镇,1954年8月25日,10级，25m/s，994hPa,8级，20m/s，994hPa,"(31.094757, 121.812809)",31.094757,121.812809
79,5413,——,Ida,广东省湛江市麻章区东简镇,1954年8月30日,17+级，85m/s，890hPa,14级，45m/s，950hPa,"(21.014285, 110.497438)",21.014285,110.497438
80,5427,——,Pamela,广东省江门市台山市赤溪镇,1954年11月6日,17+级，85m/s，900hPa,10级，28m/s，985hPa,"(21.975801, 112.899795)",21.975801,112.899795
81,5427,——,Pamela,广东省湛江市徐闻县锦和镇,1954年11月7日,17+级，85m/s，900hPa,5级，10m/s，1008hPa,"(20.570305, 110.425946)",20.570305,110.425946
82,5429,——,Ruby,广东省汕尾市海丰县小漠镇,1954年11月12日,17+级，75m/s，938hPa,7级，15m/s，1000hPa,"(22.774983, 115.0384)",22.774983,115.0384
83,5505,——,Billie,广东省江门市台山市赤溪镇,1955年6月5日,12级，35m/s，986hPa,10级，25m/s，990hPa,"(21.975801, 112.899795)",21.975801,112.899795
84,5507,——,Clara,山东省威海市乳山市海阳所镇,1955年7月17日,17+级，75m/s，918hPa,6级，12m/s，998hPa,"(36.813372, 121.620148)",36.813372,121.620148
85,5519,——,Iris,台湾省台东县太麻里乡,1955年8月23日,14级，45m/s，965hPa,14级，42m/s，967hPa,"(22.6102278, 121.0044631)",22.6102278,121.0044631
86,5519,——,Iris,福建省漳州市龙海市港尾镇,1955年8月24日,14级，45m/s，965hPa,8级，20m/s，990hPa,"(24.317455, 118.012103)",24.317455,118.012103
87,5526,——,Kate,海南省琼海市潭门镇,1955年9月25日,17+级，65m/s，931hPa,15级，50m/s，958hPa,"(19.24169, 110.61694)",19.24169,110.61694
88,5609,——,Vera,海南省万宁市龙滚镇,1956年7月8日,12级，35m/s，975hPa,12级，35m/s，975hPa,"(19.058665, 110.519209)",19.058665,110.519209
89,5612,——,Wanda,浙江省宁波市象山县丹城镇,1956年8月1日,17+级，90m/s，902hPa,16级，55m/s，923hPa,"(29.470026, 121.874463)",29.470026,121.874463
90,5622,——,Dinah,台湾省花莲县新城乡,1956年9月3日,14级，45m/s，970hPa,14级，45m/s，970hPa,"(24.0548042, 121.6111949)",24.0548042,121.6111949
91,5622,——,Dinah,福建省福州市长乐市金峰镇,1956年9月3日,14级，45m/s，970hPa,13级，38m/s，975hPa,"(25.977287, 119.630585)",25.977287,119.630585
92,5626,——,Freda,台湾省宜兰县苏澳镇,1956年9月16日,15级，50m/s，970hPa,13级，40m/s，980hPa,"(24.594229, 121.8533264)",24.594229,121.8533264
93,5626,——,Freda,福建省漳州市龙海市港尾镇,1956年9月18日,15级，50m/s，970hPa,10级，25m/s，991hPa,"(24.317455, 118.012103)",24.317455,118.012103
94,5627,——,Gilda,台湾省屏东县满州乡,1956年9月22日,17+级，75m/s，937hPa,14级，45m/s，965hPa,"(22.04385, 120.8384093)",22.04385,120.8384093
95,5627,——,Gilda,福建省泉州市惠安县东园镇,1956年9月23日,17+级，75m/s，937hPa,8级，20m/s，992hPa,"(24.915752, 118.754276)",24.915752,118.754276
96,5705,——,Virginia,台湾省台东县成功镇,1957年6月25日,17+级，90m/s，898hPa,16级，55m/s，960hPa,"(23.1261527, 121.3655989)",23.1261527,121.3655989
97,5708,——,Wendy,广东省深圳市龙岗区大鹏半岛,1957年7月16日,15级，50m/s，983hPa,11级，30m/s，985hPa,"(22.5505556, 114.4913889)",22.5505556,114.4913889
98,5711,——,——,广东省阳江市阳西县溪头镇,1957年8月20日,10级，25m/s，980hPa,8级，20m/s，986hPa,"(21.653075, 111.757796)",21.653075,111.757796
99,5717,——,Carmen,广东省潮州市饶平县大埕镇,1957年9月15日,17级，60m/s，959hPa,12级，35m/s，985hPa,"(23.607149, 117.14577)",23.607149,117.14577
100,5719,——,Gloria,广东省珠海市香洲区横琴镇,1957年9月22日,14级，45m/s，970hPa,14级，45m/s，970hPa,"(22.113583, 113.547358)",22.113583,113.547358
101,5723,——,——,广东省江门市台山市都斛镇,1957年10月15日,8级，20m/s，1000hPa,6级，12m/s，1000hPa,"(22.060491, 112.943307)",22.060491,112.943307
102,5810,——,Winnie,台湾省花莲县丰滨乡,1958年7月15日,17+级，75m/s，925hPa,17级，60m/s，950hPa,"(23.5851901, 121.5027404)",23.5851901,121.5027404
103,5810,——,Winnie,福建省厦门市翔安区大嶝小镇,1958年7月16日,17+级，75m/s，925hPa,12级，33m/s，980hPa,"(36.778261, -119.4179324)",36.778261,-119.4179324
104,5822,——,Grace,福建省宁德市福鼎市店下镇,1958年9月4日,17+级，100m/s，901hPa,14级，45m/s，975hPa,"(27.156346, 120.325956)",27.156346,120.325956
105,5828,——,——,广东省湛江市雷州市东里镇,1958年9月30日,8级，20m/s，998hPa,5级，9m/s，1008hPa,"(20.787623, 110.351623)",20.787623,110.351623
106,5901,——,Billie,浙江温州苍南—福建宁德福鼎,1959年7月16日,14级，45m/s，968hPa,12级，35m/s，980hPa,"(27.4973522, 120.3843026)",27.4973522,120.3843026
107,5901,——,Billie,上海市金山区漕泾镇,1959年7月17日,14级，45m/s，968hPa,11级，30m/s，988hPa,"(30.794054, 121.410911)",30.794054,121.410911
108,5903,——,Iris,福建省漳州市漳浦县赤湖镇,1959年8月23日,15级，50m/s，965hPa,13级，40m/s，975hPa,"(24.112267, 117.87614)",24.112267,117.87614
109,5904,——,Joan,台湾省台东县成功镇,1959年8月29日,17+级，100m/s，885hPa,17+级，75m/s，930hPa,"(23.1261527, 121.3655989)",23.1261527,121.3655989
110,5904,——,Joan,福建省泉州市惠安县崇武镇,1959年8月30日,17+级，100m/s，885hPa,12级，35m/s，970hPa,"(24.893163, 118.918008)",24.893163,118.918008
111,5905,——,Louise,台湾省花莲县新城乡,1959年9月3日,17级，60m/s，964hPa,17级，60m/s，964hPa,"(24.0548042, 121.6111949)",24.0548042,121.6111949
112,5905,——,Louise,福建省福州市连江县安凯乡,1959年9月4日,17级，60m/s，964hPa,11级，30m/s，992hPa,"(26.339973, 119.849941)",26.339973,119.849941
113,5905,——,Louise,上海市金山区漕泾镇,1959年9月6日,17级，60m/s，964hPa,8级，20m/s，997hPa,"(30.794054, 121.410911)",30.794054,121.410911
114,5906,——,Nora,广东省汕尾市海丰市鲘门镇,1959年9月10日,11级，30m/s，985hPa,11级，30m/s，985hPa,"(22.811837, 115.162466)",22.811837,115.162466
115,5913,——,Freda,台湾省屏东县恒春镇,1959年11月18日,17+级，65m/s，940hPa,11级，30m/s，992hPa,"(22.0008528, 120.7438234)",22.0008528,120.7438234
116,7406,——,Dinah,海南省文昌市东郊镇,1974年6月13日,12级，35m/s，974hPa,12级，33m/s，975hPa,"(19.573201, 110.851831)",19.573201,110.851831
117,7410,——,Jeanne,台湾省宜兰县头城镇,1974年7月19日,11级，30m/s，995hPa,11级，30m/s，995hPa,"(24.8576121, 121.8234687)",24.8576121,121.8234687
118,7410,——,Jeanne,浙江省台州市温岭市石塘镇,1974年7月20日,11级，30m/s，995hPa,10级，25m/s，995hPa,"(28.278539, 121.606196)",28.278539,121.606196
119,7410,——,Jeanne,上海市浦东新区芦潮港镇,1974年7月20日,11级，30m/s，995hPa,8级，18m/s，1000hPa,"(30.85666, 121.846525)",30.85666,121.846525
120,7411,——,Ivy,广东省阳江市阳西县沙扒镇,1974年7月22日,17级，60m/s，945hPa,13级，40m/s，970hPa,"(21.519181, 111.463919)",21.519181,111.463919
121,7412,——,Lucy,福建省泉州市惠安县张坂镇,1974年8月11日,10级，25m/s，990hPa,7级，15m/s，990hPa,"(24.896927, 118.797511)",24.896927,118.797511
122,7413,——,Mary,浙江省台州市三门县三角塘,1974年8月19日,12级，35m/s，970hPa,11级，30m/s，977hPa,"(36.778261, -119.4179324)",36.778261,-119.4179324
123,7416,——,——,山东省威海市荣成市宁津镇,1974年8月29日,11级，30m/s，980hPa,11级，30m/s，985hPa,"(37.16516, 122.486657)",37.16516,122.486657
124,7416,——,——,辽宁省葫芦岛市绥中市王宝镇,1974年8月30日,11级，30m/s，980hPa,10级，25m/s，986hPa,"(40.151922, 120.138334)",40.151922,120.138334
125,7419,——,——,广东省湛江市吴川市王村港镇,1974年9月6日,10级，25m/s，980hPa,8级，20m/s，987hPa,"(21.43287, 110.94614)",21.43287,110.94614
126,7420,——,Wendy,台湾省宜兰县头城镇,1974年9月29日,11级，30m/s，984hPa,11级，30m/s，986hPa,"(24.8576121, 121.8234687)",24.8576121,121.8234687
127,7421,——,Bess,海南省文昌市会文镇,1974年10月13日,13级，40m/s，980hPa,11级，30m/s，987hPa,"(19.462573, 110.731756)",19.462573,110.731756
128,7423,——,Della,海南省万宁市后安镇,1974年10月26日,15级，50m/s，958hPa,12级，35m/s，975hPa,"(18.867778, 110.443872)",18.867778,110.443872
129,7427,——,Irma,广东省江门市台山市赤溪镇,1974年12月2日,15级，50m/s，939hPa,10级，25m/s，985hPa,"(21.975801, 112.899795)",21.975801,112.899795
130,7503,——,Nina,台湾省花莲县寿丰乡,1975年8月3日,17+级，65m/s，900hPa,16级，52m/s，940hPa,"(23.8593411, 121.5598345)",23.8593411,121.5598345
131,7503,——,Nina,福建省泉州市晋江市深沪镇,1975年8月4日,17+级，65m/s，900hPa,12级，35m/s，975hPa,"(24.615397, 118.675554)",24.615397,118.675554
132,7504,——,Cora,浙江省台州市温岭市石塘镇,1975年8月12日,13级，40m/s，970hPa,13级，40m/s，970hPa,"(28.278539, 121.606196)",28.278539,121.606196
133,7510,——,Alice,海南省万宁市山根镇,1975年9月20日,12级，35m/s，970hPa,11级，30m/s，980hPa,"(18.967334, 110.486591)",18.967334,110.486591
134,7511,——,Betty,台湾省台东县太麻里乡,1975年9月22日,13级，40m/s，948hPa,13级，38m/s，960hPa,"(22.6102278, 121.0044631)",22.6102278,121.0044631
135,7511,——,Betty,广东省潮州市饶平县大埕镇,1975年9月23日,13级，40m/s，948hPa,10级，28m/s，985hPa,"(23.607149, 117.14577)",23.607149,117.14577
136,7513,——,Doris,广东省江门市台山市海宴镇,1975年10月6日,12级，35m/s，970hPa,12级，35m/s，970hPa,"(21.825135, 112.558689)",21.825135,112.558689
137,7514,——,Elsie,广东省珠海市金湾区三灶镇,1975年10月14日,17级，60m/s，900hPa,12级，35m/s，970hPa,"(22.047674, 113.351951)",22.047674,113.351951
138,7515,——,Flossie,广东省湛江市吴川市王村港镇,1975年10月23日,12级，35m/s，970hPa,11级，30m/s，980hPa,"(21.43287, 110.94614)",21.43287,110.94614
139,7610,——,Violet,广东省阳江市江城区海陵镇,1976年7月26日,12级，35m/s，970hPa,11级，30m/s，970hPa,"(21.629912, 111.943369)",21.629912,111.943369
140,7613,——,Billie,台湾省宜兰县壮围乡,1976年8月10日,17级，60m/s，910hPa,14级，45m/s，950hPa,"(24.7461186, 121.7868155)",24.7461186,121.7868155
141,7613,——,Billie,福建省莆田市秀屿区东峤镇,1976年8月10日,17级，60m/s，910hPa,12级，33m/s，970hPa,"(25.267049, 119.171832)",25.267049,119.171832
142,7614,——,Clara,广东省江门市台山市川岛镇,1976年8月6日,12级，35m/s，978hPa,10级，25m/s，988hPa,"(21.848204, 112.692376)",21.848204,112.692376
143,7616,——,Ellen,广东省惠州市惠东县盐洲镇,1976年8月24日,11级，30m/s，985hPa,11级，30m/s，985hPa,"(22.719512, 114.947725)",22.719512,114.947725
144,7619,——,Iris,广东省湛江市吴川市吴阳镇,1976年9月20日,12级，35m/s，975hPa,11级，30m/s，980hPa,"(21.347075, 110.692104)",21.347075,110.692104
145,7619,——,Iris,海南省儋州市兰训乡,1976年9月22日,12级，35m/s，975hPa,7级，15m/s，1000hPa,"(19.859648, 109.361149)",19.859648,109.361149
146,7619,——,Iris,海南省万宁市和乐镇,1976年9月26日,12级，35m/s，975hPa,7级，15m/s，1001hPa,"(18.903521, 110.477641)",18.903521,110.477641
147,7701,——,Ruth,福建省泉州市惠安县崇武镇,1977年6月16日,11级，30m/s，970hPa,8级，20m/s，995hPa,"(24.893163, 118.918008)",24.893163,118.918008
148,7702,——,——,广东省湛江市吴川市覃巴镇,1977年7月6日,8级，20m/s，990hPa,6级，12m/s，996hPa,"(21.434539, 110.855601)",21.434539,110.855601
149,7703,——,Sarah,海南省琼海市博鳌镇,1977年7月20日,12级，35m/s，965hPa,11级，30m/s，975hPa,"(19.159714, 110.586606)",19.159714,110.586606
150,7704,——,Thelma,台湾省高雄市小港乡,1977年7月25日,14级，45m/s，945hPa,13级，40m/s，960hPa,"(22.5553185, 120.3608455)",22.5553185,120.3608455
151,7704,——,Thelma,福建省福州市福清市东瀚镇,1977年7月25日,14级，45m/s，945hPa,8级，18m/s，990hPa,"(25.43389, 119.607001)",25.43389,119.607001
152,7705,——,Vera,台湾省宜兰县头城镇,1977年7月31日,16级，55m/s，925hPa,15级，48m/s，938hPa,"(24.8576121, 121.8234687)",24.8576121,121.8234687
153,7705,——,Vera,福建省泉州市惠安县小岞镇,1977年8月1日,16级，55m/s，925hPa,12级，35m/s，965hPa,"(24.953059, 118.994741)",24.953059,118.994741
154,7708,——,Babe,上海市崇明县向化镇,1977年9月11日,17+级，70m/s，907hPa,10级，25m/s，970hPa,"(31.520566, 121.723523)",31.520566,121.723523
155,7712,——,Freda,广东省阳江市阳西县上洋镇,1977年9月25日,11级，30m/s，980hPa,10级，25m/s，985hPa,"(21.596312, 111.595725)",21.596312,111.595725
156,7803,——,Rose,台湾省花莲县寿丰乡,1978年6月24日,10级，25m/s，995hPa,5级，10m/s，998hPa,"(23.8593411, 121.5598345)",23.8593411,121.5598345
157,7805,——,Trix,浙江省台州市三门县键跳镇,1978年7月23日,13级，40m/s，970hPa,12级，35m/s，992hPa,"(29.042269, 121.626963)",29.042269,121.626963
158,7807,——,Agness,广东省惠州市惠东县铁涌镇,1978年7月30日,13级，40m/s，960hPa,8级，20m/s，985hPa,"(22.723189, 114.834684)",22.723189,114.834684
159,7809,——,Bess,海南省三亚市亚龙湾度假区,1978年8月11日,10级，25m/s，983hPa,9级，23m/s，983hPa,"(18.233291, 109.65313)",18.233291,109.65313
160,7811,——,Della,台湾省花莲县秀林乡,1978年8月13日,10级，25m/s，985hPa,10级，25m/s，985hPa,"(24.2258575, 121.5370003)",24.2258575,121.5370003
161,7811,——,Della,福建省莆田市秀屿区埭头镇,1978年8月13日,10级，25m/s，985hPa,8级，18m/s，993hPa,"(25.255087, 119.235912)",25.255087,119.235912
162,7812,——,Elaine,广东省湛江市坡头区南三镇,1978年8月27日,12级，35m/s，965hPa,11级，30m/s，970hPa,"(21.150907, 110.552974)",21.150907,110.552974
163,7812,——,Elaine,广西省北海市银海区侨港镇,1978年8月28日,12级，35m/s，965hPa,10级，28m/s，975hPa,"(21.425104, 109.122824)",21.425104,109.122824
164,7818,——,Lola,海南省文昌市会文镇,1978年10月1日,13级，40m/s，965hPa,11级，30m/s，975hPa,"(19.462573, 110.731756)",19.462573,110.731756
165,7905,——,Ellis,广东省湛江市坡头区乾塘镇,1979年7月6日,14级，45m/s，955hPa,7级，14m/s，996hPa,"(21.228204, 110.611854)",21.228204,110.611854
166,7907,——,Gordon,广东省汕尾市陆丰市甲东镇,1979年7月29日,11级，30m/s，975hPa,11级，30m/s，980hPa,"(22.876766, 116.101101)",22.876766,116.101101
167,7908,——,Hope,广东省深圳市龙岗区大鹏半岛,1979年8月2日,17+级，70m/s，898hPa,14级，45m/s，955hPa,"(22.5505556, 114.4913889)",22.5505556,114.4913889
168,7908,——,Hope,广东省中山市南朗镇旧五顷,1979年8月2日,17+级，70m/s，898hPa,14级，42m/s，960hPa,"(22.498612, 113.530998)",22.498612,113.530998
169,7910,——,Judy,浙江省舟山市普陀区沈家门,1979年8月24日,17+级，65m/s，908hPa,11级，30m/s，965hPa,"(29.944666, 122.299033)",29.944666,122.299033
170,7913,——,Mac,广东省珠海市金湾区横琴镇,1979年9月23日,11级，30m/s，983hPa,10级，25m/s，995hPa,"(22.0080725, 113.3785933)",22.0080725,113.3785933
171,7913,——,Mac,广东省深圳市宝安区福永镇,1979年9月25日,11级，30m/s，983hPa,5级，9m/s，1006hPa,"(22.672123, 113.822517)",22.672123,113.822517
172,7914,——,Nancy,海南省万宁市和乐镇,1979年9月20日,8级，20m/s，993hPa,8级，20m/s，994hPa,"(18.903521, 110.477641)",18.903521,110.477641
173,8004,——,Georgia,广东省揭阳市惠来县神泉镇,1980年5月24日,10级，25m/s，985hPa,9级，23m/s，986hPa,"(22.966533, 116.322932)",22.966533,116.322932
174,8005,——,Herbert,海南省陵水黎族自治县光坡镇,1980年6月27日,10级，25m/s，982hPa,10级，25m/s，985hPa,"(18.54339, 110.048782)",18.54339,110.048782
175,8005,——,Herbert,广西省防城港市东兴市江平镇,1980年6月28日,10级，25m/s，982hPa,10级，25m/s，983hPa,"(21.587075, 108.132878)",21.587075,108.132878
176,8006,——,Ida,广东省汕头市濠江区乌鹿坑,1980年7月11日,11级，30m/s，979hPa,10级，25m/s，983hPa,"(23.216498, 116.791817)",23.216498,116.791817
177,8007,——,Joe,广东省湛江市徐闻县角尾乡,1980年7月22日,14级，45m/s，940hPa,13级，40m/s，961hPa,"(20.259977, 109.95774)",20.259977,109.95774
178,8008,——,——,广东省阳江市阳西县上洋镇,1980年7月19日,8级，20m/s，998hPa,8级，18m/s，1000hPa,"(21.596312, 111.595725)",21.596312,111.595725
179,8009,——,Kim,广东省汕尾市陆丰市湖东镇,1980年7月27日,17级，60m/s，908hPa,11级，30m/s，988hPa,"(22.814304, 115.955191)",22.814304,115.955191
180,8011,——,——,广东省湛江市吴川市吴阳镇,1980年8月19日,11级，30m/s，992hPa,8级，18m/s，996hPa,"(21.347075, 110.692104)",21.347075,110.692104
181,8012,——,Norris,台湾省宜兰县苏澳镇,1980年8月28日,14级，45m/s，954hPa,13级，38m/s，970hPa,"(24.594229, 121.8533264)",24.594229,121.8533264
182,8012,——,Norris,福建省福州市平潭县澳前镇,1980年8月28日,14级，45m/s，954hPa,11级，30m/s，980hPa,"(25.462752, 119.849709)",25.462752,119.849709
183,8014,——,Ruth,海南省文昌市会文镇,1980年9月15日,11级，30m/s，979hPa,11级，30m/s，979hPa,"(19.462573, 110.731756)",19.462573,110.731756
184,8015,——,Percy,台湾省屏东县满州乡,1980年9月18日,17级，60m/s，915hPa,16级，55m/s，925hPa,"(22.04385, 120.8384093)",22.04385,120.8384093
185,8015,——,Percy,福建省漳州市漳浦县古雷镇,1980年9月19日,17级，60m/s，915hPa,15级，50m/s，960hPa,"(23.83067, 117.62253)",23.83067,117.62253
186,8103,——,Ike,台湾省屏东县林边乡,1981年6月13日,11级，30m/s，967hPa,11级，30m/s，970hPa,"(22.4347039, 120.5147274)",22.4347039,120.5147274
187,8104,——,June,台湾省宜兰县南澳乡,1981年6月20日,13级，40m/s，962hPa,12级，35m/s，965hPa,"(24.4065995, 121.6739371)",24.4065995,121.6739371
188,8105,——,Kelly,海南省三亚市亚龙湾度假区,1981年7月4日,14级，45m/s，962hPa,14级，45m/s，965hPa,"(18.233291, 109.65313)",18.233291,109.65313
189,8106,——,Lynn,广东省江门市台山市川岛镇,1981年7月7日,11级，30m/s，980hPa,11级，30m/s，986hPa,"(21.848204, 112.692376)",21.848204,112.692376
190,8107,——,Maury,福建省福州市长乐市江田镇,1981年7月20日,11级，30m/s，987hPa,11级，30m/s，987hPa,"(25.822882, 119.583383)",25.822882,119.583383
191,8108,——,Nina,浙江省温州市乐清市蒲岐镇,1981年7月23日,10级，25m/s，994hPa,8级，20m/s，996hPa,"(28.169443, 121.05016)",28.169443,121.05016
192,8111,——,Roy,海南省万宁市和乐镇,1981年8月9日,10级，25m/s，986hPa,6级，12m/s，995hPa,"(18.903521, 110.477641)",18.903521,110.477641
193,8113,——,Warren,海南省万宁市东澳镇,1981年8月19日,10级，25m/s，990hPa,8级，20m/s，990hPa,"(18.714928, 110.401814)",18.714928,110.401814
194,8116,——,Clara,广东省汕尾市陆丰市湖东镇,1981年9月22日,17级，60m/s，924hPa,12级，35m/s，960hPa,"(22.814304, 115.955191)",22.814304,115.955191
195,8120,——,Hazen,海南省三亚市海棠区,1981年11月22日,14级，45m/s，955hPa,8级，20m/s，998hPa,"(18.400092, 109.752583)",18.400092,109.752583
196,8208,——,Winona,广东省湛江市雷州市沈塘镇,1982年7月17日,10级，25m/s，985hPa,8级，20m/s，992hPa,"(20.98447, 110.11882)",20.98447,110.11882
197,8208,——,Winona,广西省防城港市港口区光坡镇,1982年7月18日,10级，25m/s，985hPa,8级，18m/s，994hPa,"(21.652153, 108.491047)",21.652153,108.491047
198,8209,——,Andy,台湾省台东县东河乡,1982年7月29日,16级，55m/s，915hPa,15级，50m/s，945hPa,"(23.0691722, 121.2855249)",23.0691722,121.2855249
199,8209,——,Andy,福建省莆田市秀屿区东峤镇,1982年7月30日,16级，55m/s，915hPa,8级，18m/s，990hPa,"(25.267049, 119.171832)",25.267049,119.171832
200,8212,——,Dot,台湾省台东县大武乡,1982年8月15日,12级，35m/s，971hPa,11级，30m/s，988hPa,"(22.4141954, 120.907304)",22.4141954,120.907304
201,8212,——,Dot,福建省漳州市漳浦县六鳌镇,1982年8月15日,12级，35m/s，971hPa,8级，20m/s，995hPa,"(23.934173, 117.750935)",23.934173,117.750935
202,8217,——,Irving,海南省文昌市翁田镇,1982年9月15日,13级，40m/s，947hPa,13级，40m/s，960hPa,"(19.931473, 110.880179)",19.931473,110.880179
203,8217,——,Irving,广东省湛江市徐闻县龙塘镇,1982年9月15日,13级，40m/s，947hPa,12级，35m/s，965hPa,"(20.315512, 110.325581)",20.315512,110.325581
204,8302,——,Tip,海南省文昌市翁田镇,1983年7月13日,11级，30m/s，980hPa,7级，15m/s，994hPa,"(19.931473, 110.880179)",19.931473,110.880179
205,8302,——,Tip,广东省湛江市徐闻县龙塘镇,1983年7月13日,11级，30m/s，980hPa,7级，15m/s，998hPa,"(20.315512, 110.325581)",20.315512,110.325581
206,8303,——,Vera,海南省文昌市会文镇,1983年7月17日,12级，35m/s，967hPa,12级，35m/s，967hPa,"(19.462573, 110.731756)",19.462573,110.731756
207,8304,——,Wayne,福建省漳州市漳浦县六鳌镇,1983年7月25日,17+级，65m/s，912hPa,14级，45m/s，950hPa,"(23.934173, 117.750935)",23.934173,117.750935
208,8309,——,Ellen,广东省珠海市香洲区吉大沿海,1983年9月9日,17级，60m/s，928hPa,14级，45m/s，970hPa,"(22.247881, 113.575943)",22.247881,113.575943
209,8311,——,Georgia,海南省文昌市东郊镇,1983年9月30日,11级，30m/s，980hPa,11级，30m/s，980hPa,"(19.573201, 110.851831)",19.573201,110.851831
210,8314,——,Joe,广东省阳江市阳东县东平镇,1983年10月13日,11级，30m/s，985hPa,11级，30m/s，985hPa,"(21.738382, 112.228638)",21.738382,112.228638
211,8402,——,Wynne,广东省茂名市电白县爵山镇,1984年6月25日,11级，30m/s，970hPa,11级，30m/s，970hPa,"(21.492331, 111.345187)",21.492331,111.345187
212,8403,——,Alex,台湾省台东县长滨乡,1984年7月3日,12级，35m/s，962hPa,11级，30m/s，985hPa,"(23.3451824, 121.43419)",23.3451824,121.43419
213,8403,——,Alex,浙江省台州市玉环县鲜跌乡,1984年7月4日,12级，35m/s，962hPa,11级，30m/s，980hPa,"(28.13593, 121.231805)",28.13593,121.231805
214,8404,——,Betty,广东省阳江市阳西县溪头镇,1984年7月9日,11级，30m/s，980hPa,11级，30m/s，980hPa,"(21.653075, 111.757796)",21.653075,111.757796
215,8406,——,Ed,江苏省南通市如东县长沙镇,1984年7月31日,16级，55m/s，947hPa,11级，30m/s，985hPa,"(32.401974, 121.288877)",32.401974,121.288877
216,8406,——,Ed,山东省日照市东港区大古镇,1984年8月2日,16级，55m/s，947hPa,5级，10m/s，997hPa,"(35.340506, 119.45157)",35.340506,119.45157
217,8407,——,Feada,台湾省宜兰县头城镇,1984年8月7日,11级，30m/s，985hPa,11级，30m/s，985hPa,"(24.8576121, 121.8234687)",24.8576121,121.8234687
218,8407,——,Feada,福建省福州市连江县苔菉镇,1984年8月8日,11级，30m/s，985hPa,10级，25m/s，988hPa,"(26.353358, 119.936046)",26.353358,119.936046
219,8408,——,Gerald,广东省深圳市龙岗区大鹏半岛,1984年8月21日,11级，30m/s，975hPa,8级，18m/s，988hPa,"(22.5505556, 114.4913889)",22.5505556,114.4913889
220,8410,——,Ike,海南省文昌市会文镇,1984年9月5日,15级，50m/s，947hPa,13级，40m/s，960hPa,"(19.462573, 110.731756)",19.462573,110.731756
221,8410,——,Ike,广东省湛江市徐闻县角尾乡,1984年9月5日,15级，50m/s，947hPa,12级，35m/s，970hPa,"(20.259977, 109.95774)",20.259977,109.95774
222,8410,——,Ike,广西省钦州市钦南区犀牛脚镇,1984年9月6日,15级，50m/s，947hPa,11级，30m/s，970hPa,"(21.641698, 108.745939)",21.641698,108.745939
223,8411,——,June,广东省汕尾市陆丰市甲东镇,1984年8月31日,11级，30m/s，980hPa,11级，30m/s，980hPa,"(22.876766, 116.101101)",22.876766,116.101101
224,8503,——,——,海南省万宁市南桥镇,1985年6月20日,8级，20m/s，990hPa,5级，10m/s，994hPa,"(18.680116, 110.152697)",18.680116,110.152697
225,8504,——,Hal,广东省汕尾市马宫镇沿海地区,1985年6月24日,13级，40m/s，958hPa,10级，25m/s，975hPa,"(22.794593, 115.252879)",22.794593,115.252879
226,8506,——,Jeff,浙江省台州市玉环县坎门镇,1985年7月30日,13级，40m/s，965hPa,13级，40m/s，965hPa,"(28.093759, 121.280991)",28.093759,121.280991
227,8509,——,Mamie,江苏省南通市启东市寅阳镇,1985年8月18日,12级，35m/s，980hPa,12级，35m/s，980hPa,"(31.735606, 121.804827)",31.735606,121.804827
228,8509,——,Mamie,山东省青岛市胶南市大珠山镇,1985年8月19日,12级，35m/s，980hPa,11级，30m/s，983hPa,"(35.855852, 119.988028)",35.855852,119.988028
229,8509,——,Mamie,辽宁省大连市旅顺口区龙头镇,1985年8月19日,12级，35m/s，980hPa,11级，30m/s，981hPa,"(38.869478, 121.316487)",38.869478,121.316487
230,8510,——,Nelson,福建省福州市福清市城头镇,1985年8月23日,15级，50m/s，955hPa,14级，45m/s，965hPa,"(25.711067, 119.516198)",25.711067,119.516198
231,8515,——,Tess,广东省阳江市阳东县东平镇,1985年9月6日,13级，40m/s，965hPa,12级，35m/s，970hPa,"(21.738382, 112.228638)",21.738382,112.228638
232,8517,——,Winona,广东省湛江市麻章区东简镇,1985年9月22日,10级，25m/s，980hPa,10级，25m/s，980hPa,"(21.014285, 110.497438)",21.014285,110.497438
233,8518,——,Andy,海南省万宁市东澳镇,1985年9月29日,12级，35m/s，975hPa,12级，35m/s，975hPa,"(18.714928, 110.401814)",18.714928,110.401814
234,8521,——,Dot,海南省三亚市亚龙湾度假区,1985年10月21日,17+级，70m/s，893hPa,13级，40m/s，970hPa,"(18.233291, 109.65313)",18.233291,109.65313
235,8604,——,Mac,海南省三亚市亚龙湾度假区,1986年5月19日,10级，25m/s，995hPa,7级，15m/s，997hPa,"(18.233291, 109.65313)",18.233291,109.65313
236,8605,——,Nancy,台湾省花莲县秀林乡,1986年6月24日,13级，40m/s，955hPa,12级，35m/s，965hPa,"(24.2258575, 121.5370003)",24.2258575,121.5370003
237,8607,——,Peggy,广东省汕尾市捷胜镇沿海地区,1986年7月11日,17+级，65m/s，900hPa,11级，30m/s，978hPa,"(22.716736, 115.454192)",22.716736,115.454192
238,8616,——,Wayne,台湾省彰化县芳苑乡,1986年8月22日,14级，45m/s，950hPa,12级，35m/s，965hPa,"(23.9455949, 120.3550808)",23.9455949,120.3550808
239,8616,——,Wayne,海南省文昌市锦山镇,1986年9月5日,14级，45m/s，950hPa,13级，40m/s，960hPa,"(19.99583, 110.69748)",19.99583,110.69748
240,8617,——,Abby,台湾省台东县长滨乡,1986年9月19日,15级，50m/s，942hPa,14级，45m/s，946hPa,"(23.3451824, 121.43419)",23.3451824,121.43419
241,8621,——,Ellen,广东省湛江市坡头区南三镇,1986年10月19日,13级，40m/s，960hPa,8级，20m/s，990hPa,"(21.150907, 110.552974)",21.150907,110.552974
242,8702,——,Ruth,广东省阳江市阳西县沙扒镇,1987年6月19日,12级，35m/s，982hPa,12级，35m/s，982hPa,"(21.519181, 111.463919)",21.519181,111.463919
243,8705,——,Vernon,台湾省宜兰县南澳乡,1987年7月21日,11级，30m/s，980hPa,10级，25m/s，990hPa,"(24.4065995, 121.6739371)",24.4065995,121.6739371
244,8707,——,Alex,台湾省宜兰县南澳乡,1987年7月27日,12级，35m/s，970hPa,12级，35m/s，970hPa,"(24.4065995, 121.6739371)",24.4065995,121.6739371
245,8707,——,Alex,浙江省温州市龙湾区海城镇,1987年7月27日,12级，35m/s，970hPa,12级，35m/s，970hPa,"(27.828017, 120.7591648)",27.828017,120.7591648
246,8707,——,Alex,山东省威海市荣成市人和镇,1987年7月29日,12级，35m/s，970hPa,7级，15m/s，992hPa,"(36.891503, 122.305187)",36.891503,122.305187
247,8710,——,Cary,海南省三亚市崖州区南山文化旅游区,1987年8月22日,13级，40m/s，965hPa,12级，35m/s，970hPa,"(18.3021319, 109.2147632)",18.3021319,109.2147632
248,8712,——,Gerald,福建省泉州市晋江市深沪镇,1987年9月10日,14级，45m/s，955hPa,11级，30m/s，980hPa,"(24.615397, 118.675554)",24.615397,118.675554
249,8719,——,Lynn,广东省珠海市金湾区横琴镇,1987年10月28日,17+级，70m/s，910hPa,5级，10m/s，1008hPa,"(22.0080725, 113.3785933)",22.0080725,113.3785933
250,8802,——,Susan,台湾省屏东县车城乡,1988年6月2日,13级，40m/s，975hPa,12级，35m/s，980hPa,"(22.0843074, 120.7464897)",22.0843074,120.7464897
251,8804,——,Vanessa,广东省江门市台山市赤溪镇,1988年6月29日,10级，25m/s，990hPa,7级，15m/s，1000hPa,"(21.975801, 112.899795)",21.975801,112.899795
252,8805,——,Warren,广东省汕尾市陆丰市甲东镇,1988年7月19日,16级，55m/s，945hPa,12级，35m/s，970hPa,"(22.876766, 116.101101)",22.876766,116.101101
253,8807,——,Bill,浙江省宁波市象山县丹城镇,1988年8月8日,12级，35m/s，970hPa,12级，35m/s，970hPa,"(29.470026, 121.874463)",29.470026,121.874463
254,8817,——,Kit,广东省汕尾市陆丰市甲东镇,1988年9月22日,12级，35m/s，970hPa,10级，25m/s，985hPa,"(22.876766, 116.101101)",22.876766,116.101101
255,8819,——,Mamie,广东省汕尾市海丰县鲘门镇,1988年9月24日,10级，25m/s，990hPa,5级，10m/s，1004hPa,"(22.811837, 115.162466)",22.811837,115.162466
256,8823,——,Pat,海南省万宁市南桥镇,1988年10月22日,12级，35m/s，980hPa,12级，35m/s，980hPa,"(18.680116, 110.152697)",18.680116,110.152697
257,8824,——,Ruby,海南省万宁市东澳镇,1988年10月28日,14级，45m/s，960hPa,10级，25m/s，980hPa,"(18.714928, 110.401814)",18.714928,110.401814
258,8903,——,Brenda,广东省江门市台山市海宴镇,1989年5月20日,12级，35m/s，970hPa,12级，35m/s，970hPa,"(21.825135, 112.558689)",21.825135,112.558689
259,8905,——,Dot,海南省三亚市海棠区,1989年6月10日,13级，40m/s，960hPa,13级，38m/s，965hPa,"(18.400092, 109.752583)",18.400092,109.752583
260,8907,——,Faye,海南省文昌市龙楼镇,1989年7月10日,11级，30m/s，980hPa,10级，25m/s，985hPa,"(19.653286, 110.968604)",19.653286,110.968604
261,8908,——,Gordon,广东省阳江市阳西县上洋镇,1989年7月18日,17级，60m/s，920hPa,12级，35m/s，970hPa,"(21.596312, 111.595725)",21.596312,111.595725
262,8909,——,Hope,浙江省宁波市象山县石浦镇,1989年7月20日,13级，40m/s，975hPa,13级，40m/s，975hPa,"(29.203205, 121.931399)",29.203205,121.931399
263,8912,——,——,台湾省台北县贡寮乡,1989年7月30日,8级，20m/s，993hPa,7级，15m/s，996hPa,"(25.0168762, 121.9459786)",25.0168762,121.9459786
264,8913,——,Ken,上海市浦东新区合庆镇,1989年8月4日,11级，30m/s，980hPa,10级，28m/s，982hPa,"(31.236879, 121.723707)",31.236879,121.723707
265,8918,——,——,福建省宁德市霞浦县长春镇,1989年8月20日,10级，25m/s，995hPa,5级，10m/s，1004hPa,"(26.725415, 120.045049)",26.725415,120.045049
266,8921,——,Sarah,台湾省花莲县丰滨乡,1989年9月11日,16级，55m/s，945hPa,12级，35m/s，970hPa,"(23.5851901, 121.5027404)",23.5851901,121.5027404
267,8921,——,Sarah,福建省福州市连江县筱埕镇,1989年9月13日,16级，55m/s，945hPa,7级，17m/s，996hPa,"(26.291738, 119.794168)",26.291738,119.794168
268,8923,——,Vera,浙江省台州市温岭市松门镇,1989年9月15日,11级，30m/s，980hPa,11级，30m/s，980hPa,"(28.340412, 121.600585)",28.340412,121.600585
269,8926,——,Brian,海南省陵水黎族自治县黎安镇,1989年10月2日,13级，40m/s，965hPa,13级，40m/s，965hPa,"(18.437315, 110.069641)",18.437315,110.069641
270,8929,——,Elsie,海南省三亚市亚龙湾度假区,1989年10月21日,16级，55m/s，930hPa,10级，28m/s，980hPa,"(18.233291, 109.65313)",18.233291,109.65313
271,9004,——,Nathan,广东省湛江市徐闻县新寮镇,1990年6月18日,11级，30m/s，980hPa,10级，25m/s，985hPa,"(20.618063, 110.448201)",20.618063,110.448201
272,9005,——,Ofelia,台湾省台东县成功镇,1990年6月23日,13级，40m/s，965hPa,13级，40m/s，965hPa,"(23.1261527, 121.3655989)",23.1261527,121.3655989
273,9005,——,Ofelia,福建省宁德市福鼎市沙埕镇,1990年6月24日,13级，40m/s，965hPa,11级，30m/s，980hPa,"(27.16051, 120.4204)",27.16051,120.4204
274,9006,——,Percy,福建省漳州市漳浦县古雷镇,1990年6月29日,14级，45m/s，950hPa,13级，40m/s，965hPa,"(23.83067, 117.62253)",23.83067,117.62253
275,9009,——,Tasha,广东省汕尾市捷胜镇沿海地区,1990年7月31日,12级，35m/s，970hPa,12级，35m/s，970hPa,"(22.716736, 115.454192)",22.716736,115.454192
276,9012,——,Yancy,台湾省宜兰县壮围乡,1990年8月19日,13级，40m/s，955hPa,13级，40m/s，955hPa,"(24.7461186, 121.7868155)",24.7461186,121.7868155
277,9012,——,Yancy,福建省福州市平潭县流水镇,1990年8月20日,13级，40m/s，955hPa,11级，30m/s，970hPa,"(25.565369, 119.831522)",25.565369,119.831522
278,9012,——,Yancy,福建省莆田市秀屿区东埔镇,1990年8月21日,13级，40m/s，955hPa,8级，20m/s，980hPa,"(25.151926, 119.054909)",25.151926,119.054909
279,9015,——,Abe,浙江省台州市椒江区海门镇,1990年8月31日,14级，45m/s，955hPa,13级，40m/s，965hPa,"(28.67051, 121.444782)",28.67051,121.444782
280,9017,——,Cecil,福建省宁德市霞浦县三沙镇,1990年9月5日,11级，30m/s，990hPa,8级，20m/s，1000hPa,"(26.921679, 120.216565)",26.921679,120.216565
281,9018,——,Dot,台湾省台东县长滨乡,1990年9月7日,13级，40m/s，960hPa,13级，40m/s，960hPa,"(23.3451824, 121.43419)",23.3451824,121.43419
282,9018,——,Dot,福建省厦门市湖里区沿海地区,1990年9月8日,13级，40m/s，960hPa,12级，35m/s，975hPa,"(24.512904, 118.146769)",24.512904,118.146769
283,9025,——,Mike,海南省三亚市崖城镇,1990年11月17日,17+级，75m/s，910hPa,11级，30m/s，980hPa,"(18.405652, 109.179265)",18.405652,109.179265
284,9103,——,Vanessa,海南省万宁市南桥镇,1991年4月28日,10级，25m/s，990hPa,7级，15m/s，1000hPa,"(18.680116, 110.152697)",18.680116,110.152697
285,9106,——,Zeke,海南省万宁市东澳镇,1991年7月13日,14级，45m/s，960hPa,14级，45m/s，960hPa,"(18.714928, 110.401814)",18.714928,110.401814
286,9107,——,Amy,广东省汕头市潮阳区海门镇,1991年7月19日,16级，55m/s，930hPa,14级，42m/s，950hPa,"(23.194689, 116.628391)",23.194689,116.628391
287,9108,——,Brendan,广东省珠海市金湾区南水镇,1991年7月24日,12级，35m/s，975hPa,11级，30m/s，980hPa,"(22.026732, 113.241148)",22.026732,113.241148
288,9111,——,Fred,广东省湛江市徐闻县前山镇,1991年8月16日,14级，45m/s，960hPa,14级，45m/s，960hPa,"(20.420322, 110.460412)",20.420322,110.460412
289,9111,——,Fred,海南省临高县东英镇,1991年8月16日,14级，45m/s，960hPa,13级，40m/s，965hPa,"(19.959022, 109.648634)",19.959022,109.648634
290,9116,——,Joel,广东省汕尾市海丰县圆墩乡,1991年9月6日,11级，30m/s，980hPa,11级，30m/s，980hPa,"(22.828208, 115.047221)",22.828208,115.047221
291,9119,——,Nat,台湾省屏东县满州乡,1991年9月23日,15级，50m/s，940hPa,15级，45m/s，950hPa,"(22.04385, 120.8384093)",22.04385,120.8384093
292,9119,——,Nat,广东省潮州市饶平县大埕镇,1991年10月1日,15级，50m/s，940hPa,12级，35m/s，970hPa,"(23.607149, 117.14577)",23.607149,117.14577
293,9204,——,Chuck,海南省陵水黎族自治县英州镇,1992年6月28日,12级，35m/s，960hPa,12级，35m/s，960hPa,"(18.427366, 109.858895)",18.427366,109.858895
294,9205,——,Eli,海南省琼海市潭门镇,1992年7月13日,12级，35m/s，970hPa,12级，35m/s，970hPa,"(19.24169, 110.61694)",19.24169,110.61694
295,9206,——,Faye,广东省珠海市金湾区横琴镇,1992年7月18日,10级，25m/s，988hPa,8级，20m/s，992hPa,"(22.0080725, 113.3785933)",22.0080725,113.3785933
296,9207,——,Gary,广东省湛江市麻章区东简镇,1992年7月23日,12级，35m/s，975hPa,11级，30m/s，980hPa,"(21.014285, 110.497438)",21.014285,110.497438
297,9212,——,Mark,广东省潮州市饶平县大埕镇,1992年8月19日,10级，25m/s，985hPa,8级，20m/s，993hPa,"(23.607149, 117.14577)",23.607149,117.14577
298,9215,——,Omar,台湾省花莲县丰滨乡,1992年9月4日,16级，55m/s，925hPa,11级，30m/s，975hPa,"(23.5851901, 121.5027404)",23.5851901,121.5027404
299,9215,——,Omar,福建省厦门市思明区沿海地区,1992年9月5日,16级，55m/s，925hPa,10级，25m/s，985hPa,"(24.445567, 118.082658)",24.445567,118.082658
300,9216,——,Polly,台湾省花莲县新城乡,1992年8月30日,12级，35m/s，975hPa,12级，33m/s，975hPa,"(24.0548042, 121.6111949)",24.0548042,121.6111949
301,9216,——,Polly,福建省福州市福清市东瀚镇,1992年8月31日,12级，35m/s，975hPa,9级，23m/s，975hPa,"(25.43389, 119.607001)",25.43389,119.607001
302,9219,——,Ted,台湾省台东县成功镇,1992年9月22日,12级，35m/s，975hPa,12级，35m/s，975hPa,"(23.1261527, 121.3655989)",23.1261527,121.3655989
303,9219,——,Ted,浙江省温州市平阳县西湾风景区,1992年9月23日,12级，35m/s，975hPa,11级，30m/s，985hPa,"(27.633524, 120.669238)",27.633524,120.669238
304,9302,——,Koryn,广东省阳江市江城区海陵镇,1993年6月27日,17级，60m/s，920hPa,12级，33m/s，972hPa,"(21.629912, 111.943369)",21.629912,111.943369
305,9303,——,Lewis,海南省三亚市海棠区,1993年7月11日,11级，30m/s，975hPa,11级，30m/s，980hPa,"(18.400092, 109.752583)",18.400092,109.752583
306,9309,——,Tasha,广东省阳江市阳西县上洋镇,1993年8月21日,12级，35m/s，970hPa,12级，35m/s，970hPa,"(21.596312, 111.595725)",21.596312,111.595725
307,9315,——,Abe,广东省揭阳市惠来县前詹镇,1993年9月14日,15级，50m/s，945hPa,13级，38m/s，962hPa,"(22.94346, 116.42855)",22.94346,116.42855
308,9316,——,Becky,广东省江门市台山市赤溪镇,1993年9月17日,12级，35m/s，975hPa,12级，35m/s，975hPa,"(21.975801, 112.899795)",21.975801,112.899795
309,9318,——,Dot,广东省江门市台山市那琴半岛,1993年9月26日,13级，40m/s，965hPa,12级，35m/s，975hPa,"(21.715428, 112.352381)",21.715428,112.352381
310,9323,——,Ira,广东省阳江市江城区海陵镇,1993年11月4日,14级，45m/s，950hPa,10级，25m/s，992hPa,"(21.629912, 111.943369)",21.629912,111.943369
311,9403,——,Russ,广东省湛江市徐闻县下洋镇,1994年6月8日,11级，30m/s，980hPa,10级，25m/s，990hPa,"(20.503019, 110.498015)",20.503019,110.498015
312,9404,——,Sharon,广东省阳江市阳西县溪头镇,1994年6月25日,8级，20m/s，990hPa,8级，20m/s，992hPa,"(21.653075, 111.757796)",21.653075,111.757796
313,9406,——,Tim,台湾省台东县长滨乡,1994年7月10日,16级，55m/s，935hPa,14级，45m/s，950hPa,"(23.3451824, 121.43419)",23.3451824,121.43419
314,9406,——,Tim,福建省泉州市惠安县张坂镇,1994年7月11日,16级，55m/s，935hPa,11级，30m/s，972hPa,"(24.896927, 118.797511)",24.896927,118.797511
315,9413,——,Caitlin,台湾省台东县东河乡,1994年8月3日,10级，25m/s，985hPa,10级，25m/s，985hPa,"(23.0691722, 121.2855249)",23.0691722,121.2855249
316,9413,——,Caitlin,福建省漳州市龙海市隆教畲族乡,1994年8月4日,10级，25m/s，985hPa,8级，20m/s，992hPa,"(24.256424, 118.063418)",24.256424,118.063418
317,9414,——,Dous,台湾省台北县贡寮乡,1994年8月8日,15级，50m/s，935hPa,15级，50m/s，945hPa,"(25.0168762, 121.9459786)",25.0168762,121.9459786
318,9414,——,Dous,江苏省南通市如东县长沙镇,1994年8月13日,15级，50m/s，935hPa,7级，15m/s，998hPa,"(32.401974, 121.288877)",32.401974,121.288877
319,9415,——,Ellie,山东省威海市文登区泽库镇,1994年8月15日,13级，40m/s，960hPa,10级，25m/s，985hPa,"(36.940606, 122.060951)",36.940606,122.060951
320,9415,——,Ellie,辽宁省大连市普兰店市皮口镇,1994年8月16日,13级，40m/s，960hPa,10级，25m/s，990hPa,"(39.398478, 122.338704)",39.398478,122.338704
321,9417,——,Fred,浙江省温州市龙湾区海城镇,1994年8月21日,16级，55m/s，935hPa,14级，45m/s，955hPa,"(27.828017, 120.7591648)",27.828017,120.7591648
322,9418,——,Gladys,台湾省宜兰县南澳乡,1994年9月1日,14级，45m/s，950hPa,14级，45m/s，955hPa,"(24.4065995, 121.6739371)",24.4065995,121.6739371
323,9418,——,Gladys,福建省福州市福清市东瀚镇,1994年9月1日,14级，45m/s，950hPa,12级，35m/s，970hPa,"(25.43389, 119.607001)",25.43389,119.607001
324,9419,——,Harry,广东省湛江市徐闻县前山镇,1994年8月27日,12级，35m/s，975hPa,11级，30m/s，980hPa,"(20.420322, 110.460412)",20.420322,110.460412
325,9422,——,Joel,海南省三亚市天涯镇,1994年9月6日,10级，25m/s，980hPa,8级，20m/s，985hPa,"(18.307426, 109.327207)",18.307426,109.327207
326,9424,——,Luke,海南省万宁市山根镇,1994年9月12日,10级，25m/s，985hPa,10级，25m/s，985hPa,"(18.967334, 110.486591)",18.967334,110.486591
327,9502,——,Deanna,台湾省台南市北门乡,1995年6月8日,9级，23m/s，990hPa,7级，15m/s，998hPa,"(23.2866026, 120.1242853)",23.2866026,120.1242853
328,9504,——,Gary,广东省汕头市澄海区坝头镇,1995年7月31日,11级，30m/s，980hPa,11级，30m/s，980hPa,"(23.437029, 116.832296)",23.437029,116.832296
329,9505,——,Helen,广东省惠州市惠阳区澳头镇,1995年8月12日,11级，30m/s，980hPa,11级，30m/s，980hPa,"(22.729788, 114.533781)",22.729788,114.533781
330,9506,——,Irving,广东省湛江市徐闻县新寮镇,1995年8月19日,8级，20m/s，992hPa,8级，20m/s，993hPa,"(20.618063, 110.448201)",20.618063,110.448201
331,9506,——,Irving,广西省北海市银海区咸田镇,1995年8月20日,8级，20m/s，992hPa,8级，18m/s，998hPa,"(21.449219, 109.13999)",21.449219,109.13999
332,9507,——,Janis,浙江省台州市温岭市石塘镇,1995年8月25日,11级，30m/s，980hPa,8级，20m/s，995hPa,"(28.278539, 121.606196)",28.278539,121.606196
333,9507,——,Janis,上海市金山区钱圩镇,1995年8月25日,11级，30m/s，980hPa,8级，20m/s，995hPa,"(30.776602, 121.249985)",30.776602,121.249985
334,9508,——,Lois,海南省陵水黎族自治县黎安镇,1995年8月28日,11级，30m/s，980hPa,11级，30m/s，980hPa,"(18.437315, 110.069641)",18.437315,110.069641
335,9509,——,Kent,广东省汕尾市海丰县小漠镇,1995年8月31日,15级，50m/s，945hPa,13级，40m/s，960hPa,"(22.774983, 115.0384)",22.774983,115.0384
336,9511,——,Nina,广东省湛江市徐闻县下洋镇,1995年9月7日,8级，20m/s，995hPa,8级，18m/s，995hPa,"(20.503019, 110.498015)",20.503019,110.498015
337,9511,——,Nina,广西省北海市铁山港区兴港镇,1995年9月7日,8级，20m/s，995hPa,7级，15m/s，998hPa,"(21.581806, 109.538606)",21.581806,109.538606
338,9515,——,Sibyl,广东省茂名市电白县爵山镇,1995年10月3日,12级，33m/s，975hPa,12级，33m/s，975hPa,"(21.492331, 111.345187)",21.492331,111.345187
339,9516,——,Ted,广西省北海市合浦县西场镇,1995年10月13日,10级，25m/s，985hPa,10级，25m/s，990hPa,"(21.632939, 108.965279)",21.632939,108.965279
340,9521,——,Angela,海南省三亚市亚龙湾度假区,1995年11月6日,17级，60m/s，925hPa,7级，15m/s，1000hPa,"(18.233291, 109.65313)",18.233291,109.65313
341,9606,——,Frankie,海南省万宁市东澳镇,1996年7月22日,10级，28m/s，970hPa,10级，28m/s，970hPa,"(18.714928, 110.401814)",18.714928,110.401814
342,9607,——,Gloria,福建省泉州市南安市石井镇,1996年7月27日,13级，40m/s，965hPa,9级，23m/s，985hPa,"(24.62556, 118.431541)",24.62556,118.431541
343,9608,——,Herb,台湾省宜兰县头城镇,1996年7月31日,16级，55m/s，935hPa,14级，45m/s，945hPa,"(24.8576121, 121.8234687)",24.8576121,121.8234687
344,9608,——,Herb,福建省福州市平潭县敖东镇,1996年8月1日,16级，55m/s，935hPa,12级，35m/s，970hPa,"(25.449857, 119.73271)",25.449857,119.73271
345,9610,——,Lisa,福建省漳州市东山县陈城镇,1996年8月6日,10级，25m/s，990hPa,8级，20m/s，993hPa,"(23.595655, 117.38702)",23.595655,117.38702
346,9612,——,Niki,海南省三亚市海棠区,1996年8月22日,12级，35m/s，970hPa,12级，35m/s，970hPa,"(18.400092, 109.752583)",18.400092,109.752583
347,9615,——,Sally,广东省湛江市吴川市吴阳镇,1996年9月9日,15级，50m/s，935hPa,15级，50m/s，935hPa,"(21.347075, 110.692104)",21.347075,110.692104
348,9615,——,Sally,广西省北海市铁山港区兴港镇,1996年9月9日,15级，50m/s，935hPa,11级，30m/s，960hPa,"(21.581806, 109.538606)",21.581806,109.538606
349,9618,——,Willie,广东省湛江市徐闻县下洋镇,1996年9月20日,12级，33m/s，975hPa,10级，28m/s，980hPa,"(20.503019, 110.498015)",20.503019,110.498015
350,9710,——,Victor,香港特别行政区,1997年8月2日,11级，30m/s，968hPa,11级，30m/s，970hPa,"(36.778261, -119.4179324)",36.778261,-119.4179324
351,9711,——,Winnie,浙江省台州市温岭市石塘镇,1997年8月18日,17级，60m/s，920hPa,13级，40m/s，960hPa,"(28.278539, 121.606196)",28.278539,121.606196
352,9713,——,Zita,广东省湛江市徐闻县新寮镇,1997年8月22日,11级，30m/s，975hPa,11级，30m/s，975hPa,"(20.618063, 110.448201)",20.618063,110.448201
353,9714,——,Amber,台湾省花莲县丰滨乡,1997年8月29日,15级，50m/s，940hPa,13级，40m/s，960hPa,"(23.5851901, 121.5027404)",23.5851901,121.5027404
354,9714,——,Amber,福建省福州市平潭县敖东镇,1997年8月29日,15级，50m/s，940hPa,11级，30m/s，980hPa,"(25.449857, 119.73271)",25.449857,119.73271
355,9801,——,Nichole,台湾省台南市沿海地区,1998年7月10日,8级，18m/s，998hPa,8级，18m/s，998hPa,"(36.778261, -119.4179324)",36.778261,-119.4179324
356,9801,——,Nichole,福建省漳州市龙海市港尾镇,1998年7月11日,8级，18m/s，998hPa,6级，12m/s，1002hPa,"(24.317455, 118.012103)",24.317455,118.012103
357,9802,——,Otto,台湾省台东县东河乡,1998年8月4日,11级，30m/s，980hPa,11级，30m/s，980hPa,"(23.0691722, 121.2855249)",23.0691722,121.2855249
358,9802,——,Otto,福建省福州市福清市东瀚镇,1998年8月5日,11级，30m/s，980hPa,8级，18m/s，998hPa,"(25.43389, 119.607001)",25.43389,119.607001
359,9803,——,Penny,广东省茂名市电白县爵山镇,1998年8月11日,10级，25m/s，985hPa,10级，25m/s，990hPa,"(21.492331, 111.345187)",21.492331,111.345187
360,9806,——,Todd,浙江省舟山市普陀区朱家尖,1998年9月19日,13级，40m/s，960hPa,10级，25m/s，985hPa,"(29.916818, 122.392944)",29.916818,122.392944
361,9902,——,Leo,广东省惠州市惠东县平海镇,1999年5月2日,12级，35m/s，970hPa,7级，15m/s，1000hPa,"(22.617149, 114.872626)",22.617149,114.872626
362,9903,——,Maggie,广东省汕尾市陆丰市甲东镇,1999年6月6日,13级，40m/s，960hPa,12级，35m/s，970hPa,"(22.876766, 116.101101)",22.876766,116.101101
363,9903,——,Maggie,广东省江门市台山市赤溪镇,1999年6月7日,13级，40m/s，960hPa,10级，25m/s，980hPa,"(21.975801, 112.899795)",21.975801,112.899795
364,9905,——,——,广东省汕头市濠江区沿海地区,1999年7月27日,9级，23m/s，985hPa,8级，20m/s，990hPa,"(23.286079, 116.726972)",23.286079,116.726972
365,9907,——,Paul,山东省日照市东港区两城镇,1999年8月9日,10级，28m/s，985hPa,5级，10m/s，999hPa,"(35.571612, 119.570671)",35.571612,119.570671
366,9908,——,Sam,香港特别行政区,1999年8月22日,12级，33m/s，975hPa,11级，30m/s，980hPa,"(36.778261, -119.4179324)",36.778261,-119.4179324
367,9909,——,Wendy,广东省揭阳市惠来县前詹镇,1999年9月4日,8级，20m/s，990hPa,8级，20m/s，990hPa,"(22.94346, 116.42855)",22.94346,116.42855
368,9910,——,York,广东省珠海市香洲区吉大沿海,1999年9月16日,11级，30m/s，975hPa,11级，30m/s，975hPa,"(22.247881, 113.575943)",22.247881,113.575943
369,9913,——,Cam,香港特别行政区,1999年9月26日,10级，25m/s，985hPa,7级，15m/s，998hPa,"(36.778261, -119.4179324)",36.778261,-119.4179324
370,9914,——,Dan,福建省漳州市龙海市隆教畲族乡,1999年10月9日,13级，40m/s，965hPa,12级，35m/s，970hPa,"(24.256424, 118.063418)",24.256424,118.063418
371,4,启德,Kai-tak,台湾省花莲县丰滨乡,2000年7月9日,12级，35m/s，965hPa,11级，30m/s，980hPa,"(23.5851901, 121.5027404)",23.5851901,121.5027404
372,4,启德,Kai-tak,浙江省台州市玉环县坎门镇,2000年7月10日,12级，35m/s，965hPa,11级，30m/s，980hPa,"(28.093759, 121.280991)",28.093759,121.280991
373,4,启德,Kai-tak,上海市奉贤区海湾镇,2000年7月10日,12级，35m/s，965hPa,10级，25m/s，985hPa,"(30.857286, 121.567409)",30.857286,121.567409
374,4,启德,Kai-tak,辽宁省丹东市东港市长山镇,2000年7月11日,12级，35m/s，965hPa,8级，18m/s，992hPa,"(39.870134, 124.04266)",39.870134,124.04266
375,8,杰拉华,Jelawat,浙江省宁波市象山县爵溪镇,2000年8月10日,14级，45m/s，950hPa,12级，35m/s，975hPa,"(29.471039, 121.948692)",29.471039,121.948692
376,10,碧利斯,Bilis,台湾省台东县成功镇,2000年8月22日,16级，55m/s，930hPa,16级，55m/s，930hPa,"(23.1261527, 121.3655989)",23.1261527,121.3655989
377,10,碧利斯,Bilis,福建省泉州市晋江市东石镇,2000年8月23日,16级，55m/s，930hPa,12级，35m/s，965hPa,"(24.660711, 118.460176)",24.660711,118.460176
378,13,玛莉亚,Maria,广东省汕尾市海丰县小漠镇,2000年9月1日,10级，28m/s，980hPa,10级，28m/s，980hPa,"(22.774983, 115.0384)",22.774983,115.0384
379,16,悟空,Wukong,海南省陵水黎族自治县光坡镇,2000年9月9日,13级，40m/s，960hPa,13级，40m/s，960hPa,"(18.54339, 110.048782)",18.54339,110.048782
380,102,飞燕,Chebi,福建省福州市福清市沙埔镇,2001年6月23日,13级，40m/s，960hPa,12级，35m/s，970hPa,"(25.430208, 119.529051)",25.430208,119.529051
381,103,榴莲,Durian,广东省湛江市麻章区东简镇,2001年7月2日,12级，35m/s，970hPa,12级，35m/s，970hPa,"(21.014285, 110.497438)",21.014285,110.497438
382,103,榴莲,Durian,广西省钦州市钦南区犀牛脚镇,2001年7月2日,12级，35m/s，970hPa,10级，28m/s，980hPa,"(21.641698, 108.745939)",21.641698,108.745939
383,104,尤特,Utor,广东省汕尾市海丰县小漠镇,2001年7月6日,12级，35m/s，965hPa,11级，30m/s，970hPa,"(22.774983, 115.0384)",22.774983,115.0384
384,105,潭美,Trami,台湾省台东县大武乡,2001年7月11日,8级，20m/s，995hPa,8级，20m/s，995hPa,"(22.4141954, 120.907304)",22.4141954,120.907304
385,107,玉兔,Yutu,广东省茂名市电白县博贺镇,2001年7月26日,12级，33m/s，975hPa,12级，33m/s，975hPa,"(21.487748, 111.232299)",21.487748,111.232299
386,108,桃芝,Toraji,台湾省花莲县丰滨乡,2001年7月30日,13级，40m/s，965hPa,13级，38m/s，965hPa,"(23.5851901, 121.5027404)",23.5851901,121.5027404
387,108,桃芝,Toraji,福建省福州市连江县筱埕镇,2001年7月31日,13级，40m/s，965hPa,11级，30m/s，985hPa,"(26.291738, 119.794168)",26.291738,119.794168
388,108,桃芝,Toraji,山东省青岛市崂山区沿海地区,2001年8月1日,13级，40m/s，965hPa,7级，15m/s，993hPa,"(36.107538, 120.468956)",36.107538,120.468956
389,114,菲特,Fitow,海南省文昌市龙楼镇,2001年8月29日,8级，20m/s，985hPa,7级，15m/s，995hPa,"(19.653286, 110.968604)",19.653286,110.968604
390,114,菲特,Fitow,广西省防城港市港口区企沙镇,2001年8月31日,8级，20m/s，985hPa,8级，18m/s，990hPa,"(21.575403, 108.479063)",21.575403,108.479063
391,114,菲特,Fitow,海南省澄迈县桥头镇,2001年9月3日,8级，20m/s，985hPa,6级，12m/s，1001hPa,"(19.954138, 109.933531)",19.954138,109.933531
392,114,菲特,Fitow,广东省湛江市遂溪县草潭镇,2001年9月7日,8级，20m/s，985hPa,5级，10m/s，1004hPa,"(21.271442, 109.777234)",21.271442,109.777234
393,114,菲特,Fitow,海南省三亚市林旺镇,2001年9月10日,8级，20m/s，985hPa,5级，10m/s，1000hPa,"(18.304513, 109.702812)",18.304513,109.702812
394,116,百合,Nari,台湾省新北市贡寮区,2001年9月16日,13级，40m/s，960hPa,13级，40m/s，965hPa,"(25.0168762, 121.9459786)",25.0168762,121.9459786
395,116,百合,Nari,广东省汕尾市陆丰市甲东镇,2001年9月20日,13级，40m/s，960hPa,10级，28m/s，985hPa,"(22.876766, 116.101101)",22.876766,116.101101
396,119,利奇马,Lekima,台湾省台东县大武乡,2001年9月26日,12级，35m/s，970hPa,12级，35m/s，970hPa,"(22.4141954, 120.907304)",22.4141954,120.907304
397,208,娜基莉,Nakri,台湾省台中市大安区,2002年7月10日,8级，20m/s，988hPa,8级，20m/s，988hPa,"(24.3460846, 120.5867886)",24.3460846,120.5867886
398,209,风神,Fengshen,山东省青岛市胶南市灵山卫镇,2002年7月28日,16级，55m/s，925hPa,7级，15m/s，1000hPa,"(35.932361, 120.145521)",35.932361,120.145521
399,212,北冕,Kammuri,广东省汕尾市陆丰市金厢镇,2002年8月5日,10级，28m/s，980hPa,10级，25m/s，985hPa,"(22.858384, 115.710253)",22.858384,115.710253
400,214,黄蜂,Vongfong,广东省湛江市坡头区乾塘镇,2002年8月19日,11级，30m/s，980hPa,11级，30m/s，980hPa,"(21.228204, 110.611854)",21.228204,110.611854
401,216,森拉克,Sinlaku,浙江省温州市苍南县金乡镇,2002年8月7日,14级，45m/s，950hPa,12级，35m/s，970hPa,"(27.429853, 120.602889)",27.429853,120.602889
402,218,黑格比,Hagupit,广东省阳江市江城区海陵镇,2002年9月12日,10级，25m/s，985hPa,10级，25m/s，985hPa,"(21.629912, 111.943369)",21.629912,111.943369
403,220,米克拉,Mekkhala,海南省三亚市崖城镇,2002年9月25日,9级，23m/s，992hPa,9级，23m/s，992hPa,"(18.405652, 109.179265)",18.405652,109.179265
404,220,米克拉,Mekkhala,广西省防城港市港口区企沙镇,2002年9月27日,9级，23m/s，992hPa,8级，18m/s，998hPa,"(21.575403, 108.479063)",21.575403,108.479063
405,220,米克拉,Mekkhala,广东省湛江市遂溪县界炮镇,2002年9月28日,9级，23m/s，992hPa,6级，12m/s，1002hPa,"(21.400836, 109.963577)",21.400836,109.963577
406,307,伊布都,Imbudo,广东省茂名市电白县博贺镇,2003年7月24日,15级，50m/s，945hPa,13级，45m/s，950hPa,"(21.487748, 111.232299)",21.487748,111.232299
407,308,天鹅,Goni,海南省万宁市北坡镇,2003年7月21日,11级，30m/s，980hPa,11级，30m/s，980hPa,"(18.791436, 110.376159)",18.791436,110.376159
408,309,莫拉克,Morakot,台湾省台东县大武乡,2003年8月3日,10级，25m/s，988hPa,10级，25m/s，988hPa,"(22.4141954, 120.907304)",22.4141954,120.907304
409,309,莫拉克,Morakot,厦门市思明区滨海镇,2003年8月4日,10级，25m/s，988hPa,7级，15m/s，998hPa,"(24.427984, 118.123839)",24.427984,118.123839
410,311,环高,Vamco,浙江省温州市平阳县鳌江镇,2003年8月20日,9级，23m/s，990hPa,9级，23m/s，990hPa,"(27.593109, 120.55855)",27.593109,120.55855
411,312,科罗旺,Krovanh,海南省文昌市翁田镇,2003年8月25日,13级，40m/s，960hPa,12级，35m/s，965hPa,"(19.931473, 110.880179)",19.931473,110.880179
412,312,科罗旺,Krovanh,广东省湛江市徐闻县下洋镇,2003年8月25日,13级，40m/s，960hPa,12级，35m/s，965hPa,"(20.503019, 110.498015)",20.503019,110.498015
413,313,杜鹃,Dujuan,广东省惠州市惠东县港口镇,2003年9月2日,14级，45m/s，950hPa,12级，35m/s，965hPa,"(22.984975, 114.720079)",22.984975,114.720079
414,313,杜鹃,Dujuan,广东省深圳市龙岗区大鹏半岛,2003年9月2日,14级，45m/s，950hPa,12级，33m/s，970hPa,"(22.5505556, 114.4913889)",22.5505556,114.4913889
415,313,杜鹃,Dujuan,广东省中山市南朗镇旧五顷,2003年9月2日,14级，45m/s，950hPa,12级，33m/s，975hPa,"(22.498612, 113.530998)",22.498612,113.530998
416,320,尼伯特,Nepartak,海南省乐东黎族自治县莺歌海镇,2003年11月18日,12级，33m/s，975hPa,12级，33m/s，975hPa,"(18.510154, 108.697349)",18.510154,108.697349
417,407,蒲公英,Mindule,台湾省花莲县花莲市,2004年7月1日,14级，45m/s，950hPa,11级，30m/s，980hPa,"(23.977768, 121.607911)",23.977768,121.607911
418,407,蒲公英,Mindule,浙江省温州市乐清市黄华镇,2004年7月3日,14级，45m/s，950hPa,10级，25m/s，987hPa,"(27.990936, 120.929198)",27.990936,120.929198
419,409,圆规,Kompasu,香港特别行政区,2004年7月16日,9级，23m/s，990hPa,8级，20m/s，994hPa,"(36.778261, -119.4179324)",36.778261,-119.4179324
420,411,——,——,广东省揭阳市惠来县南海乡,2004年7月27日,9级，23m/s，990hPa,8级，18m/s，996hPa,"(22.945647, 116.17755)",22.945647,116.17755
421,414,云娜,Rananim,浙江省台州市温岭市石塘镇,2004年8月12日,14级，45m/s，950hPa,14级，45m/s，950hPa,"(28.278539, 121.606196)",28.278539,121.606196
422,418,艾利,Aere,福建省泉州市惠安县崇武镇,2004年8月25日,13级，40m/s，960hPa,12级，35m/s，970hPa,"(24.893163, 118.918008)",24.893163,118.918008
423,421,海马,Haima,台湾省高雄市左营区,2004年9月11日,8级，18m/s，996hPa,7级，15m/s，1000hPa,"(22.6877358, 120.2916524)",22.6877358,120.2916524
424,421,海马,Haima,浙江省温州市龙湾区永强镇,2004年9月13日,8级，18m/s，996hPa,8级，18m/s，998hPa,"(27.9110235, 120.8554106)",27.9110235,120.8554106
425,425,洛坦,Nock-ten,台湾省新北市贡寮区,2004年10月25日,14级，45m/s，950hPa,14级，42m/s，960hPa,"(25.0168762, 121.9459786)",25.0168762,121.9459786
426,428,南玛都,Nanmadol,台湾省屏东县枋寮乡,2004年12月4日,14级，45m/s，950hPa,10级，25m/s，990hPa,"(22.3960688, 120.5854674)",22.3960688,120.5854674
427,505,海棠,Haitang,台湾省宜兰县苏澳镇,2005年7月18日,17级，60m/s，920hPa,14级，45m/s，950hPa,"(24.594229, 121.8533264)",24.594229,121.8533264
428,508,天鹰,Washi,海南省琼海市博鳌镇,2005年7月30日,10级，25m/s，984hPa,10级，25m/s，984hPa,"(19.159714, 110.586606)",19.159714,110.586606
429,509,麦莎,Matsa,浙江省台州市玉环县干江镇,2005年8月6日,14级，45m/s，950hPa,14级，45m/s，950hPa,"(28.165293, 121.35142)",28.165293,121.35142
430,509,麦莎,Matsa,辽宁省大连市旅顺口区沿海地区,2005年8月9日,14级，45m/s，950hPa,7级，15m/s，998hPa,"(38.851705, 121.261953)",38.851705,121.261953
431,510,珊瑚,Sanvu,广东省汕头市潮阳区海门镇,2005年8月13日,11级，30m/s，980hPa,11级，30m/s，980hPa,"(23.194689, 116.628391)",23.194689,116.628391
432,513,泰利,Talim,台湾省花莲县花莲市,2005年9月1日,16级，55m/s，935hPa,14级，45m/s，950hPa,"(23.977768, 121.607911)",23.977768,121.607911
433,513,泰利,Talim,福建省福州市福清市沙埔镇,2005年9月1日,16级，55m/s，935hPa,12级，35m/s，970hPa,"(25.430208, 119.529051)",25.430208,119.529051
434,515,卡努,Khanun,浙江省台州市路桥区金清镇,2005年9月11日,15级，50m/s，945hPa,15级，50m/s，945hPa,"(28.507667, 121.518354)",28.507667,121.518354
435,518,达维,Damrey,海南省万宁市山根镇,2005年9月26日,15级，50m/s，940hPa,15级，50m/s，940hPa,"(18.967334, 110.486591)",18.967334,110.486591
436,519,龙王,Longwang,台湾省花莲县丰滨乡,2005年10月2日,16级，55m/s，935hPa,15级，48m/s，945hPa,"(23.5851901, 121.5027404)",23.5851901,121.5027404
437,519,龙王,Longwang,福建省泉州市南安市石井镇,2005年10月2日,16级，55m/s，935hPa,11级，30m/s，980hPa,"(24.62556, 118.431541)",24.62556,118.431541
438,602,杰拉华,Jelawat,广东省湛江市麻章区东简镇,2006年6月29日,8级，20m/s，995hPa,6级，12m/s，998hPa,"(21.014285, 110.497438)",21.014285,110.497438
439,604,碧利斯,Bilis,台湾省宜兰县头城镇,2006年7月13日,11级，30m/s，975hPa,11级，30m/s，975hPa,"(24.8576121, 121.8234687)",24.8576121,121.8234687
440,604,碧利斯,Bilis,福建省福州市连江县筱埕镇,2006年7月14日,11级，30m/s，975hPa,10级，25m/s，980hPa,"(26.291738, 119.794168)",26.291738,119.794168
441,605,格美,Kaemi,台湾省台东县成功镇,2006年7月24日,13级，40m/s，960hPa,12级，35m/s，970hPa,"(23.101273, 121.380072)",23.101273,121.380072
442,605,格美,Kaemi,福建省泉州市晋江市围头镇,2006年7月25日,13级，40m/s，960hPa,12级，33m/s，975hPa,"(24.527658, 118.582265)",24.527658,118.582265
443,606,派比安,Prapiroon,广东省茂名市电白县爵山镇,2006年8月3日,12级，33m/s，975hPa,12级，33m/s，975hPa,"(21.492331, 111.345187)",21.492331,111.345187
444,608,桑美,Saomai,浙江省温州市苍南县马站镇,2006年8月10日,17级，60m/s，915hPa,17级，60m/s，920hPa,"(27.264076, 120.463168)",27.264076,120.463168
445,609,宝霞,Bopha,台湾省台东县成功镇,2006年8月9日,10级，25m/s，990hPa,9级，23m/s，990hPa,"(23.101273, 121.380072)",23.101273,121.380072
446,703,桃芝,Toraji,海南省万宁市东澳镇,2007年7月4日,9级，23m/s，990hPa,7级，15m/s，998hPa,"(18.714928, 110.401814)",18.714928,110.401814
447,703,桃芝,Toraji,广西省防城港市东兴市江平镇,2007年7月5日,9级，23m/s，990hPa,8级，18m/s，994hPa,"(21.587075, 108.132878)",21.587075,108.132878
448,707,帕布,Pabuk,台湾省屏东县满洲乡,2007年8月7日,11级，30m/s，980hPa,11级，30m/s，980hPa,"(22.04385, 120.8384093)",22.04385,120.8384093
449,707,帕布,Pabuk,香港特别行政区,2007年8月10日,11级，30m/s，980hPa,8级，20m/s，990hPa,"(36.778261, -119.4179324)",36.778261,-119.4179324
450,707,帕布,Pabuk,广东省珠海市香洲区唐家湾镇,2007年8月10日,11级，30m/s，980hPa,7级，15m/s，992hPa,"(22.380425, 113.540091)",22.380425,113.540091
451,708,蝴蝶,Wutip,台湾省台东县长滨乡,2007年8月9日,8级，20m/s，990hPa,8级，20m/s，990hPa,"(23.3451824, 121.43419)",23.3451824,121.43419
452,709,圣帕,Sepat,台湾省台东县长滨乡,2007年8月18日,17+级，65m/s，910hPa,15级，48m/s，945hPa,"(23.3451824, 121.43419)",23.3451824,121.43419
453,709,圣帕,Sepat,福建省泉州市惠安县崇武镇,2007年8月19日,17+级，65m/s，910hPa,12级，33m/s，975hPa,"(24.893163, 118.918008)",24.893163,118.918008
454,713,韦帕,Wipha,浙江省温州市苍南县霞关镇,2007年9月19日,16级，55m/s，935hPa,14级，45m/s，950hPa,"(27.170995, 120.470936)",27.170995,120.470936
455,714,范斯高,Francisco,海南省文昌市昌洒镇,2007年9月24日,8级，20m/s，992hPa,8级，20m/s，992hPa,"(19.76179, 110.900498)",19.76179,110.900498
456,716,罗莎,Krosa,台湾省宜兰县头城镇,2007年10月6日,16级，55m/s，935hPa,15级，50m/s，940hPa,"(24.8576121, 121.8234687)",24.8576121,121.8234687
457,716,罗莎,Krosa,台湾省宜兰县苏澳镇,2007年10月6日,16级，55m/s，935hPa,14级，45m/s，950hPa,"(24.594229, 121.8533264)",24.594229,121.8533264
458,716,罗莎,Krosa,浙江温州苍南—福建宁德福鼎,2007年10月7日,16级，55m/s，935hPa,12级，33m/s，975hPa,"(27.4973522, 120.3843026)",27.4973522,120.3843026
459,801,浣熊,Neoguri,海南省文昌市龙楼镇,2008年4月18日,13级，40m/s，960hPa,11级，30m/s，980hPa,"(19.653286, 110.968604)",19.653286,110.968604
460,801,浣熊,Neoguri,广东省阳江市阳东县大沟镇,2008年4月19日,13级，40m/s，960hPa,7级，15m/s，998hPa,"(21.83308, 112.15629)",21.83308,112.15629
461,806,风神,Fengshen,广东省深圳市龙岗区葵涌镇,2008年6月25日,14级，45m/s，950hPa,9级，23m/s，990hPa,"(22.630836, 114.419398)",22.630836,114.419398
462,807,海鸥,Kalmaegi,台湾省宜兰县南澳乡,2008年7月17日,12级，33m/s，975hPa,12级，33m/s，975hPa,"(24.4065995, 121.6739371)",24.4065995,121.6739371
463,807,海鸥,Kalmaegi,福建省宁德市霞浦县下浒镇,2008年7月18日,12级，33m/s，975hPa,10级，25m/s，985hPa,"(26.611258, 119.95511)",26.611258,119.95511
464,808,凤凰,Fung-wong,台湾省台东县长滨乡,2008年7月28日,14级，45m/s，955hPa,14级，45m/s，955hPa,"(23.3451824, 121.43419)",23.3451824,121.43419
465,808,凤凰,Fung-wong,福建省福州市福清市东瀚镇,2008年7月28日,14级，45m/s，955hPa,12级，33m/s，975hPa,"(25.43389, 119.607001)",25.43389,119.607001
466,809,北冕,Kammuri,广东省阳江市阳西县溪头镇,2008年8月6日,10级，25m/s，980hPa,9级，23m/s，985hPa,"(21.653075, 111.757796)",21.653075,111.757796
467,809,北冕,Kammuri,广西省防城港市东兴市江平镇,2008年8月7日,10级，25m/s，980hPa,8级，18m/s，990hPa,"(21.587075, 108.132878)",21.587075,108.132878
468,812,鹦鹉,Nuri,香港特别行政区,2008年8月22日,13级，40m/s，960hPa,10级，28m/s，980hPa,"(36.778261, -119.4179324)",36.778261,-119.4179324
469,812,鹦鹉,Nuri,广东省广州市南沙区新垦镇,2008年8月22日,13级，40m/s，960hPa,10级，25m/s，985hPa,"(22.640628, 113.611205)",22.640628,113.611205
470,813,森拉克,Sinlaku,台湾省宜兰县五结乡,2008年9月14日,16级，55m/s，935hPa,14级，45m/s，950hPa,"(24.6887633, 121.8050125)",24.6887633,121.8050125
471,814,黑格比,Hagupit,广东省茂名市电白县陈村镇,2008年9月24日,15级，50m/s，940hPa,14级，45m/s，950hPa,"(21.527578, 111.061066)",21.527578,111.061066
472,815,蔷薇,Jangmi,台湾省宜兰县南澳乡,2008年9月28日,17+级，65m/s，910hPa,16级，52m/s，940hPa,"(24.4065995, 121.6739371)",24.4065995,121.6739371
473,817,海高斯,Higos,海南省文昌市龙楼镇,2008年10月3日,8级，18m/s，998hPa,8级，18m/s，998hPa,"(19.653286, 110.968604)",19.653286,110.968604
474,817,海高斯,Higos,广东省湛江市吴川市大山江镇,2008年10月4日,8级，18m/s，998hPa,6级，12m/s，1002hPa,"(21.426139, 110.797865)",21.426139,110.797865
475,903,莲花,Linfa,福建省泉州市晋江市金井镇,2009年6月21日,11级，30m/s，980hPa,10级，28m/s，980hPa,"(24.567958, 118.595804)",24.567958,118.595804
476,904,浪卡,Nangka,广东省惠州市惠阳区霞涌镇,2009年6月27日,9级，23m/s，988hPa,8级，18m/s，994hPa,"(22.770097, 114.659239)",22.770097,114.659239
477,905,苏迪罗,Soudelor,海南省文昌市翁田镇,2009年7月12日,8级，18m/s，994hPa,8级，18m/s，994hPa,"(19.931473, 110.880179)",19.931473,110.880179
478,905,苏迪罗,Soudelor,广东省湛江市徐闻县龙塘镇,2009年7月12日,8级，18m/s，994hPa,8级，18m/s，994hPa,"(20.315512, 110.325581)",20.315512,110.325581
479,906,莫拉菲,Molave,广东省深圳市龙岗区大鹏半岛,2009年7月19日,13级，38m/s，965hPa,12级，35m/s，970hPa,"(22.5505556, 114.4913889)",22.5505556,114.4913889
480,907,天鹅,Goni,广东省江门市台山市川岛镇,2009年8月5日,10级，28m/s，972hPa,10级，25m/s，980hPa,"(21.848204, 112.692376)",21.848204,112.692376
481,908,莫拉克,Morakot,台湾省花莲县花莲市,2009年8月7日,13级，40m/s，950hPa,13级，40m/s，950hPa,"(23.977768, 121.607911)",23.977768,121.607911
482,908,莫拉克,Morakot,福建省宁德市霞浦县北壁乡,2009年8月9日,13级，40m/s，950hPa,12级，33m/s，975hPa,"(26.558655, 119.86142)",26.558655,119.86142
483,913,彩虹,Mujigae,海南省文昌市龙楼镇,2009年9月11日,8级，20m/s，992hPa,8级，20m/s，992hPa,"(19.653286, 110.968604)",19.653286,110.968604
484,915,巨爵,Koppu,广东省江门市台山市北陡镇,2009年9月15日,13级，40m/s，960hPa,13级，38m/s，965hPa,"(21.873356, 112.404217)",21.873356,112.404217
485,917,芭玛,Parma,海南省万宁市龙滚镇,2009年10月12日,16级，55m/s，935hPa,9级，23m/s，992hPa,"(19.058665, 110.519209)",19.058665,110.519209
486,1002,康森,Conson,海南省三亚市亚龙湾度假区,2010年7月16日,12级，35m/s，970hPa,12级，35m/s，970hPa,"(18.233291, 109.65313)",18.233291,109.65313
487,1003,灿都,Chanthu,广东省湛江市吴川市吴阳镇,2010年7月22日,12级，35m/s，970hPa,12级，35m/s，970hPa,"(21.347075, 110.692104)",21.347075,110.692104
488,1006,狮子山,Lionrock,福建省漳州市漳浦县古雷镇,2010年9月2日,10级，28m/s，985hPa,9级，23m/s，990hPa,"(23.83067, 117.62253)",23.83067,117.62253
489,1008,南川,Namtheun,福建省泉州市惠安县崇武镇,2010年8月31日,8级，18m/s，995hPa,8级，18m/s，996hPa,"(24.893163, 118.918008)",24.893163,118.918008
490,1010,莫兰蒂,Meranti,福建省泉州市石狮市永宁镇,2010年9月10日,12级，35m/s，970hPa,12级，35m/s，970hPa,"(24.683926, 118.701552)",24.683926,118.701552
491,1011,凡亚比,Fanapi,台湾省花莲县丰滨乡,2010年9月19日,16级，52m/s，935hPa,14级，45m/s，950hPa,"(23.5851901, 121.5027404)",23.5851901,121.5027404
492,1011,凡亚比,Fanapi,福建省漳州市漳浦县古雷镇,2010年9月20日,16级，52m/s，935hPa,12级，33m/s，975hPa,"(23.83067, 117.62253)",23.83067,117.62253
493,1013,鲇鱼,Megi,福建省漳州市漳浦县六鳌镇,2010年10月23日,17+级，72m/s，895hPa,12级，33m/s，975hPa,"(23.934173, 117.750935)",23.934173,117.750935
494,1103,莎莉嘉,Sarika,广东省汕头市澄海区坝头镇,2011年6月11日,8级，20m/s，995hPa,8级，18m/s，996hPa,"(23.437029, 116.832296)",23.437029,116.832296
495,1104,海马,Haima,广东省阳江市阳西县沙扒镇,2011年6月23日,8级，20m/s，986hPa,8级，20m/s，990hPa,"(21.519181, 111.463919)",21.519181,111.463919
496,1104,海马,Haima,广东省湛江市吴川市吴阳镇,2011年6月23日,8级，20m/s，986hPa,8级，20m/s，986hPa,"(21.347075, 110.692104)",21.347075,110.692104
497,1105,米雷,Meari,山东省威海市荣成市成山镇,2011年6月26日,11级，30m/s，975hPa,9级，23m/s，982hPa,"(37.36338900000001, 122.552273)",37.36338900000001,122.552273
498,1108,洛坦,Nock-ten,海南省文昌市龙楼镇,2011年7月29日,10级，28m/s，980hPa,10级，28m/s，980hPa,"(19.653286, 110.968604)",19.653286,110.968604
499,1111,南玛都,Nanmadol,台湾省台东县大武乡,2011年8月29日,17级，60m/s，925hPa,12级，33m/s，975hPa,"(22.4141954, 120.907304)",22.4141954,120.907304
500,1111,南玛都,Nanmadol,福建省泉州市晋江市陈埭镇,2011年8月31日,17级，60m/s，925hPa,8级，18m/s，996hPa,"(24.822034, 118.601596)",24.822034,118.601596
501,1117,纳沙,Nesat,海南省文昌市翁田镇,2011年9月29日,14级，45m/s，950hPa,13级，40m/s，960hPa,"(19.931473, 110.880179)",19.931473,110.880179
502,1117,纳沙,Nesat,广东省湛江市徐闻县角尾乡,2011年9月29日,14级，45m/s，950hPa,12级，35m/s，970hPa,"(20.259977, 109.95774)",20.259977,109.95774
503,1119,尼格,Nalgae,海南省万宁市东澳镇,2011年10月4日,15级，50m/s，940hPa,10级，25m/s，990hPa,"(18.714928, 110.401814)",18.714928,110.401814
504,1206,杜苏芮,Doksuri,广东省珠海市金湾区南水镇,2012年6月30日,9级，23m/s，985hPa,9级，23m/s，985hPa,"(22.026732, 113.241148)",22.026732,113.241148
505,1208,韦森特,Vicente,广东省江门市台山市赤溪镇,2012年7月24日,14级，45m/s，960hPa,13级，40m/s，965hPa,"(21.975801, 112.899795)",21.975801,112.899795
506,1209,苏拉,Saola,台湾省花莲县秀林乡,2012年8月2日,13级，40m/s，960hPa,12级，35m/s，970hPa,"(24.2258575, 121.5370003)",24.2258575,121.5370003
507,1209,苏拉,Saola,台湾省新北市贡寮区,2012年8月2日,13级，40m/s，960hPa,12级，33m/s，975hPa,"(25.0168762, 121.9459786)",25.0168762,121.9459786
508,1209,苏拉,Saola,宁德市福鼎市秦屿镇,2012年8月3日,13级，40m/s，960hPa,10级，25m/s，985hPa,"(27.099617, 120.251573)",27.099617,120.251573
509,1210,达维,Damrey,江苏省盐城市响水县陈家港镇,2012年8月2日,13级，40m/s，960hPa,12级，35m/s，970hPa,"(34.373828, 119.81678)",34.373828,119.81678
510,1211,海葵,Haikui,浙江省宁波市象山县鹤浦镇,2012年8月8日,14级，45m/s，960hPa,14级，42m/s，965hPa,"(29.149335, 121.898362)",29.149335,121.898362
511,1213,启德,Kai-tak,广东省湛江市麻章区东简镇,2012年8月17日,13级，38m/s，968hPa,13级，38m/s，968hPa,"(21.014285, 110.497438)",21.014285,110.497438
512,1214,天秤,Tembin,台湾省屏东县牡丹乡,2012年8月24日,15级，48m/s，945hPa,14级，45m/s，945hPa,"(22.1520217, 120.7809676)",22.1520217,120.7809676
513,1305,贝碧嘉,Bebinca,海南省琼海市潭门镇,2013年6月22日,9级，23m/s，984hPa,9级，23m/s，988hPa,"(19.24169, 110.61694)",19.24169,110.61694
514,1306,温比亚,Rumbia,广东省湛江市麻章区民安镇,2013年7月2日,11级，30m/s，970hPa,11级，30m/s，970hPa,"(21.012268, 110.325344)",21.012268,110.325344
515,1307,苏力,Soulik,台湾新北—台湾宜兰,2013年7月13日,16级，55m/s，935hPa,14级，42m/s，950hPa,"(24.7021073, 121.7377502)",24.7021073,121.7377502
516,1307,苏力,Soulik,福建省福州市连江县晓澳镇,2013年7月13日,16级，55m/s，935hPa,11级，30m/s，980hPa,"(26.237832, 119.657351)",26.237832,119.657351
517,1308,西马仑,Cimaron,福建省漳州市漳浦县前亭镇,2013年7月18日,9级，23m/s，990hPa,9级，23m/s，995hPa,"(24.235692, 117.965091)",24.235692,117.965091
518,1309,飞燕,Chebi,海南省文昌市东郊镇,2013年8月2日,11级，30m/s，980hPa,11级，30m/s，980hPa,"(19.573201, 110.851831)",19.573201,110.851831
519,1311,尤特,Utor,广东省阳江市江城区海陵镇,2013年8月14日,17级，60m/s，925hPa,14级，42m/s，955hPa,"(21.629912, 111.943369)",21.629912,111.943369
520,1312,潭美,Trami,福建省福州市福清市海口镇,2013年8月22日,12级，35m/s，956hPa,12级，35m/s，960hPa,"(25.697232, 119.465393)",25.697232,119.465393
521,1319,天兔,Usagi,广东省汕尾市捷胜镇沿海地区,2013年9月22日,17级，60m/s，915hPa,14级，45m/s，930hPa,"(22.716736, 115.454192)",22.716736,115.454192
522,1323,菲特,Fitow,福建省宁德市福鼎市沙埕镇,2013年10月7日,14级，45m/s，945hPa,14级，42m/s，955hPa,"(27.16051, 120.4204)",27.16051,120.4204
523,1407,海贝思,Hagibis,广东省汕头市濠江区河浦镇,2014年6月15日,9级，23m/s，986hPa,9级，23m/s，986hPa,"(23.286079, 116.726972)",23.286079,116.726972
524,1409,威马逊,Rammasun,海南省文昌市翁田镇,2014年7月18日,17+级，72m/s，888hPa,17+级，70m/s，890hPa,"(19.931473, 110.880179)",19.931473,110.880179
525,1409,威马逊,Rammasun,广东省湛江市徐闻县龙塘镇,2014年7月18日,17+级，72m/s，888hPa,17+级，62m/s，910hPa,"(20.315512, 110.325581)",20.315512,110.325581
526,1409,威马逊,Rammasun,广西省防城港市港口区光坡镇,2014年7月19日,17+级，72m/s，888hPa,15级，50m/s，945hPa,"(21.652153, 108.491047)",21.652153,108.491047
527,1410,麦德姆,Matmo,台湾省台东县长滨乡,2014年7月23日,14级，42m/s，955hPa,14级，42m/s，955hPa,"(23.3451824, 121.43419)",23.3451824,121.43419
528,1410,麦德姆,Matmo,福建省福州市福清市高山镇,2014年7月23日,14级，42m/s，955hPa,11级，30m/s，980hPa,"(25.474188, 119.563267)",25.474188,119.563267
529,1410,麦德姆,Matmo,山东省威海市荣成市虎山镇,2014年7月25日,14级，42m/s，955hPa,8级，20m/s，993hPa,"(36.956746, 122.240281)",36.956746,122.240281
530,1415,海鸥,Kalmaegi,海南省文昌市翁田镇,2014年9月16日,14级，42m/s，960hPa,14级，42m/s，960hPa,"(19.931473, 110.880179)",19.931473,110.880179
531,1415,海鸥,Kalmaegi,广东省湛江市徐闻县海安镇,2014年9月16日,14级，42m/s，960hPa,14级，42m/s，960hPa,"(20.270686, 110.225767)",20.270686,110.225767
532,1416,凤凰,Fung-wong,台湾省屏东县恒春镇,2014年9月21日,10级，28m/s，982hPa,10级，28m/s，982hPa,"(22.0008528, 120.7438234)",22.0008528,120.7438234
533,1416,凤凰,Fung-wong,台湾省新北市贡寮区,2014年9月21日,10级，28m/s，982hPa,10级，25m/s，985hPa,"(25.0168762, 121.9459786)",25.0168762,121.9459786
534,1416,凤凰,Fung-wong,浙江省宁波市象山县鹤浦镇,2014年9月22日,10级，28m/s，982hPa,10级，25m/s，985hPa,"(29.149335, 121.898362)",29.149335,121.898362
535,1416,凤凰,Fung-wong,上海市奉贤区海湾镇,2014年9月23日,10级，28m/s，982hPa,8级，20m/s，995hPa,"(30.857286, 121.567409)",30.857286,121.567409
536,1508,鲸鱼,Kujira,海南省万宁市和乐镇,2015年6月22日,10级，25m/s，982hPa,10级，25m/s，982hPa,"(18.903521, 110.477641)",18.903521,110.477641
537,1510,莲花,Linfa,广东省汕尾市陆丰市甲东镇,2015年7月9日,14级，42m/s，955hPa,14级，42m/s，955hPa,"(22.876766, 116.101101)",22.876766,116.101101
538,1513,苏迪罗,Soudelor,台湾省花莲县秀林乡,2015年8月8日,17+级，68m/s，905hPa,14级，45m/s，950hPa,"(24.2258575, 121.5370003)",24.2258575,121.5370003
539,1513,苏迪罗,Soudelor,福建省莆田市秀屿区山亭镇,2015年8月8日,17+级，68m/s，905hPa,11级，30m/s，980hPa,"(25.15792, 119.12335)",25.15792,119.12335
540,1521,杜鹃,Dujuan,台湾省宜兰县南澳乡,2015年9月28日,17级，58m/s，930hPa,15级，48m/s，945hPa,"(24.4065995, 121.6739371)",24.4065995,121.6739371
541,1521,杜鹃,Dujuan,福建省莆田市秀屿区山亭镇,2015年9月29日,17级，58m/s，930hPa,11级，30m/s，982hPa,"(25.15792, 119.12335)",25.15792,119.12335
542,1522,彩虹,Mujigae,广东省湛江市坡头区南三镇,2015年10月4日,16级，52m/s，935hPa,16级，52m/s，935hPa,"(21.150907, 110.552974)",21.150907,110.552974
